"project","type","class_gain","has_class_gain"
"Bellavista","Afro","No gain",317.673023797181
"San Nicolás","Afro","No gain",31.7551941741162
"Alto Anchicaya","Afro","No gain",446.544039980129
"Cordillera Occidental De Nariño Copdiconc","Afro","No gain",147930.916738118
"Cordillera Occidental De Nariño Copdiconc","Afro","Gain",61.3706207493924
"Agua Clara","Afro","No gain",13096.4319229342
"Agua Clara","Afro","Gain",0.154337134945487
"Bachichi - Piedras","Afro","No gain",19.7634692453872
"San Marcos","Afro","No gain",3802.68235715697
"Brisas Del Alto Telembí","Afro","No gain",79291.6935189405
"Brisas Del Alto Telembí","Afro","Gain",3.94221838399781
"Liberación Y Futuro","Afro","No gain",147.584298626857
"Liberación Y Futuro","Afro","Gain",0.383934179570388
"Alto Rio Dagua-Pacifico Cimarrones De Cisneros","Afro","No gain",3034.51618436197
"Alto Rio Dagua-Pacifico Cimarrones De Cisneros","Afro","Gain",0.153829426627226
"Guaimía","Afro","No gain",1627.18921924542
"Limones","Afro","No gain",1443.5899758323
"Sabaletas","Afro","No gain",12493.3572029643
"Chaparrosa","Afro","No gain",1551.8282422061
"Chaparrosa","Afro","Gain",0.457541496473542
"Consejo Comunitario De La Comunidad Negral Del Municipio De Pueblo Rico Risaralda","Afro","No gain",11232.9583691539
"Consejo Comunitario De La Comunidad Negral Del Municipio De Pueblo Rico Risaralda","Afro","Gain",0.459883389159789
"Llano Bajo","Afro","No gain",5099.85517928199
"Por La Identidad Cultural (Mandé)","Afro","No gain",12824.5261262107
"Por La Identidad Cultural (Mandé)","Afro","Gain",2.37387704234434
"Nuevo Renacer","Afro","No gain",1156.43170961492
"Nuevo Renacer","Afro","Gain",14.0225188879414
"La Nueva Reserva De Acanure","Afro","No gain",12588.1076504409
"La Nueva Reserva De Acanure","Afro","Gain",1.77621425479528
"Nueva Esperanza","Afro","No gain",1476.66836256294
"Nueva Esperanza","Afro","Gain",0.152422415623755
"Consejo Comunitario Afrocolombiano Bodega Guali","Afro","No gain",19.4312503247017
"San Antonio Y El Castillo","Afro","No gain",134.627873788934
"Consejo Comunitario Palenque Raíces Africanas","Afro","No gain",20.5147857086692
"Consejo Comunitario Capitania Segunda De Itaibe","Afro","No gain",132.654963027516
"Consejo Comunitario La Pedregoza","Afro","No gain",151.536850498466
"Consejo Comunitario Conafros","Afro","No gain",343.035728778832
"Consejo Comunitario Conafros","Afro","Gain",0.539970789622628
"Consejo Comunitario La Nueva Esperanza De Lomita","Afro","No gain",421.723349489044
"Consejo Comunitario La Nueva Esperanza De Lomita","Afro","Gain",8.08784505869399
"Consejo Comunitario Asocone","Afro","No gain",530.147128582185
"Consejo Comunitario Asocone","Afro","Gain",0.0764451519224491
"Consejo Comunitario Bellavista","Afro","No gain",24.0624392412643
"Consejo Comunitario Las Brisas (La Betulia)","Afro","No gain",29.1716559436136
"Consejo Comunitario Las Brisas (La Betulia)","Afro","Gain",0.0769700684528063
"Consejo Comunitario Rio Palo","Afro","No gain",118.822791977305
"Consejo Comunitario Rio Palo","Afro","Gain",0.461746600948077
"Consejo Comunitario Afroitaibe Cocoitaibe","Afro","No gain",36.163056763628
"Consejo Comunitario El Saman","Afro","No gain",576.020072160741
"Consejo Comunitario Asnazu (Piedra Pintada Piedra Escrita)","Afro","No gain",39.7553242998036
"Asociación Afrocolombiana De La Sierra Sector Occidente ""Afrosiso""","Afro","No gain",80.6265874616238
"Palenque La Torre","Afro","No gain",1374.00907774561
"Palenque La Torre","Afro","Gain",0.309374405346606
"La Florida Patia","Afro","No gain",300.467338819643
"La Florida Patia","Afro","Gain",0.0772012689670203
"Consejo Comunitario La Diaspora","Afro","No gain",40.7096763590952
NA,"Afro","No gain",127.148890931314
"Porce Medio","Afro","No gain",2980.32324120907
"Porce Medio","Afro","Gain",0.992880993688634
"Tierra Baja ""Mi Territorio Ancestral""","Afro","No gain",29.7437524383496
"Tierra Baja ""Mi Territorio Ancestral""","Afro","Gain",0.836780759135156
"Consejo Comunitario Predio El Carmen","Afro","No gain",210.762303383189
"Consejo Comunitario Predio El Carmen","Afro","Gain",0.834551957240847
"Villa Grande","Afro","No gain",693.15028322709
"Villa Grande","Afro","Gain",3.35813834639859
"Bocas De Atrato Y Leoncito","Afro","No gain",34911.6896819498
"Bocas De Atrato Y Leoncito","Afro","Gain",1.37645093194763
"Los Ríos La Larga Y Tumaradó","Afro","No gain",110669.517409639
"Los Ríos La Larga Y Tumaradó","Afro","Gain",89.2448620412631
"Iye Pinto","Afro","No gain",195.432252413153
"Iye Pinto","Afro","Gain",0.149928847267475
"Makankamaná","Afro","No gain",3453.28051099211
"Makankamaná","Afro","Gain",16.7265898815118
"Concoarapios","Afro","No gain",33.3067985362443
"Caño Bodegas","Afro","No gain",2225.66927437624
"Caño Bodegas","Afro","Gain",27.3491316066004
"La Nueva Esperanza De Los Negros","Afro","No gain",183.394528161887
"La Nueva Esperanza De Los Negros","Afro","Gain",0.0754709992435748
"Bocas De Caná","Afro","No gain",2073.81608395522
"Bocas De Caná","Afro","Gain",0.458048831353998
"La Boquilla","Afro","No gain",73.6977148464915
"Chilona El Salto","Afro","No gain",216.17441651268
"Chilona El Salto","Afro","Gain",0.228917490129911
"Alejandro Duran","Afro","No gain",42.0837941756112
"Obatala","Afro","No gain",443.525752949556
"Cascajalito","Afro","No gain",120.4797104952
"Cascajalito","Afro","Gain",1.80268893509027
"Los Morenos De Moreneros","Afro","No gain",151.530528833261
"Los Morenos De Moreneros","Afro","Gain",0.0754634107735362
"Consejo Comunitario Tucurinca Zona Bananera","Afro","No gain",340.52449882236
"Consejo Comunitario Tucurinca Zona Bananera","Afro","Gain",24.134626716092
"Consejo Comunitario Palenque De La Vereda Las Trescientas","Afro","No gain",21.9474445685594
"Los Mangos","Afro","No gain",383.021511467252
"Los Mangos","Afro","Gain",0.382409656017624
"Consejo Comunitario Antonio Sajon (Coansa)","Afro","No gain",34.4561881524655
"Consejo Comunitario De Comunidades Negras Socolando","Afro","No gain",45.465505917416
"Consejo Comunitario Magen De Mi","Afro","No gain",31.5219788750274
"Consejo Comunitario Magen De Mi","Afro","Gain",1.59894095742893
"Consejo Comunitario Fernando Rios Hidalgo","Afro","No gain",341.304921577378
"Consejo Comunitario Fernando Rios Hidalgo","Afro","Gain",41.7553893419133
"Consejo Comunitario Mango De La Pua 2","Afro","No gain",214.089449558162
"Consejo Comunitario Mango De La Pua 2","Afro","Gain",0.378517414353185
"Los Palenques De Juan Y Medio","Afro","No gain",129.66791917254
"Los Palenques De Juan Y Medio","Afro","Gain",1.82952972377481
"Manatíes","Afro","No gain",4495.87112075721
"Manatíes","Afro","Gain",1.37804478797156
"Pueblo Nuevo","Afro","No gain",245.424214301967
"El Aguacate","Afro","No gain",1007.53777723152
"El Aguacate","Afro","Gain",0.152761394470702
"Los Andes","Afro","No gain",1445.98988364362
"Los Andes","Afro","Gain",115.966596246478
"Consejo Comunitario De La Vereda La Orquídea","Afro","No gain",1222.51496529267
"Consejo Comunitario Martin Luther King","Afro","No gain",132.515188030593
"Consejo Comunitario De Comunidades Negra Campo Alegre _ Vereda Versalles","Afro","No gain",204.587830793868
"Consejo Comunitario De Comunidades Negra Campo Alegre _ Vereda Versalles","Afro","Gain",6.44612820205737
"Consejo Comunitario Versabal","Afro","No gain",256.297306992526
"Consejo Comunitario Versabal","Afro","Gain",9.06024033107193
"Consejo Comunitario Afro La Esperanza","Afro","No gain",221.854442622757
"Consejo Comunitario Afro La Esperanza","Afro","Gain",20.7892648515792
"Bellavista","Afro","No gain",317.673023797181
"San Joaquin Aguadulce","Afro","No gain",2397.07663418873
"El Bien Del Futuro","Afro","No gain",4281.74480774599
"El Bien Del Futuro","Afro","Gain",58.0840366073091
"Puerto Echeverry","Afro","No gain",4388.88786962364
"Puerto Echeverry","Afro","Gain",7.06782341727275
"Union Del Rio Rosario","Afro","No gain",11107.0369655169
"Union Del Rio Rosario","Afro","Gain",64.3033700456315
"La Cuenca Del Río San Bernardo Patía Norte","Afro","No gain",24867.9620673568
"La Cuenca Del Río San Bernardo Patía Norte","Afro","Gain",0.308130276154893
"Pro-Defensa Del Río Tapaje","Afro","No gain",153304.48413277
"Pro-Defensa Del Río Tapaje","Afro","Gain",113.299439826911
"La Nupa Del Río Caunapí","Afro","No gain",187.619803340393
"La Nupa Del Río Caunapí","Afro","Gain",1.00372734297329
"Unión De Cuencas De Isagualpi","Afro","No gain",35131.6908230774
"Unión De Cuencas De Isagualpi","Afro","Gain",285.014212018316
"Rescate Las Varas","Afro","No gain",13826.0276167688
"Rescate Las Varas","Afro","Gain",29.4802979639642
"La Gran Unión Del Rio Telpí","Afro","No gain",7484.88041050828
"La Gran Unión Del Rio Telpí","Afro","Gain",2.00359203402913
"Unión Patía Viejo","Afro","No gain",41775.6449431982
"Unión Patía Viejo","Afro","Gain",39.8666799653237
"Parte Baja Del Río Saija","Afro","No gain",16981.345456495
"Parte Baja Del Río Saija","Afro","Gain",3.01073997728466
"Negros En Acción","Afro","No gain",14820.75363857
"Negros En Acción","Afro","Gain",0.386011408858798
"Río San Francisco","Afro","No gain",27156.466317712
"Río San Francisco","Afro","Gain",1.16047654320355
"Manos Amigas Del Patía Grande","Afro","No gain",67545.5434782223
"Manos Amigas Del Patía Grande","Afro","Gain",249.609224956201
"La Barra","Afro","No gain",3160.17404464038
"La Barra","Afro","Gain",0.692126795360851
"Bajo Potedó","Afro","No gain",2164.2951009923
"Bajo Potedó","Afro","Gain",0.077084271859255
"El Progreso Del Río Nerete","Afro","No gain",10600.5979986195
"El Progreso Del Río Nerete","Afro","Gain",2.23115413952247
"Catangueros","Afro","No gain",21522.5000426862
"Catangueros","Afro","Gain",198.915189432939
"El Progreso Del Campo","Afro","No gain",9348.73985736883
"El Progreso Del Campo","Afro","Gain",3.30814465356172
"Guapí Abajo","Afro","No gain",45712.649821624
"Guapí Abajo","Afro","Gain",5.15642710461828
"Zacarias Río Dagua","Afro","No gain",1493.21909554967
"Zacarias Río Dagua","Afro","Gain",1.15407493988278
"Nueva Alianza","Afro","No gain",11366.3590045061
"Nueva Alianza","Afro","Gain",3.63391950977007
"Agua Clara","Afro","No gain",13096.4319229342
"Agua Clara","Afro","Gain",0.154337134945487
"Calle Larga Río Dagua","Afro","No gain",1662.74580240554
"Calle Larga Río Dagua","Afro","Gain",0.231215231631437
"Renacer Telembí","Afro","No gain",7383.1675967577
"Renacer Telembí","Afro","Gain",8.12536131454641
"Tablon Salado","Afro","No gain",3092.24797842976
"Tablon Salado","Afro","Gain",6.82050836157653
"Cabeceras Río San Juan","Afro","No gain",58.5542230084687
"Unicosta","Afro","No gain",15928.379984969
"Unicosta","Afro","Gain",3.70348491251145
"Caunapí","Afro","No gain",9098.60936553606
"Caunapí","Afro","Gain",91.3967615365892
"San Marcos","Afro","No gain",3802.68235715697
"Taparal","Afro","No gain",1767.68030053735
"Taparal","Afro","Gain",0.154450004415671
"Virudó","Afro","No gain",8001.85536343945
"Virudó","Afro","Gain",3.91829769791372
"La Gran Minga De Los Ríos Inguambí Y Albí","Afro","No gain",2966.0843274318
"La Gran Minga De Los Ríos Inguambí Y Albí","Afro","Gain",12.2600516822642
"Campo Hermoso","Afro","No gain",1255.24825354245
"Campo Hermoso","Afro","Gain",0.76792380615591
"Imbilpí Del Carmen","Afro","No gain",2806.14343032796
"Imbilpí Del Carmen","Afro","Gain",8.59616174324283
"La Amistad","Afro","No gain",19004.8650668333
"La Amistad","Afro","Gain",13.9587697883462
"Mayor Del Bajo Atrato","Afro","No gain",34451.2543831258
"Mayor Del Bajo Atrato","Afro","Gain",2.67827429107868
"Tablon Dulce","Afro","No gain",1138.39323226024
"Tablon Dulce","Afro","Gain",2.56097734437166
"Brisas Del Alto Telembí","Afro","No gain",79291.6935189405
"Brisas Del Alto Telembí","Afro","Gain",3.94221838399781
"El Cuerval","Afro","No gain",5762.17166963439
"El Cuerval","Afro","Gain",0.69516816389691
"Bajo Río Guelmambí","Afro","No gain",9543.14340898001
"Bajo Río Guelmambí","Afro","Gain",7.09900298060369
"Gualmar","Afro","No gain",5631.83264638471
"Gualmar","Afro","Gain",0.385757815142041
"Veredas Unidas","Afro","No gain",12738.3534468627
"Veredas Unidas","Afro","Gain",13.5124222045824
"Citronela Río Dagua","Afro","No gain",1326.12439014159
"Citronela Río Dagua","Afro","Gain",0.15391415855868
"Parte Alta Sur Del Río Saija","Afro","No gain",20562.335536643
"Parte Alta Sur Del Río Saija","Afro","Gain",1.46216948369624
"La Esperanza Del  Río Tola","Afro","No gain",3500.45091739746
"La Esperanza Del  Río Tola","Afro","Gain",2.23459268742904
"Guaimía","Afro","No gain",1627.18921924542
"La Voz De Los Negros","Afro","No gain",22032.1367870901
"La Voz De Los Negros","Afro","Gain",125.220804591349
"El Recuerdo De Nuestros Ancestros Del Río Mejicano","Afro","No gain",14379.742771254
"El Recuerdo De Nuestros Ancestros Del Río Mejicano","Afro","Gain",42.052800012521
"Pavasa","Afro","No gain",7697.87811709511
"Pavasa","Afro","Gain",4.45288011800011
"Odemap Mosquera Sur","Afro","No gain",18844.4906590031
"Odemap Mosquera Sur","Afro","Gain",3.0053657084134
"Limones","Afro","No gain",1443.5899758323
"San Agustín De Terrón","Afro","No gain",16775.8899328676
"San Agustín De Terrón","Afro","Gain",6.0678685452106
"Alejandro Rincon Del Rio Ñambì","Afro","No gain",10032.5053734457
"Alejandro Rincon Del Rio Ñambì","Afro","Gain",0.696814671829625
"Chanzará","Afro","No gain",3429.8119212857
"Chanzará","Afro","Gain",3.07675435863261
"Rio Gualajo","Afro","No gain",2629.80771655016
"Rio Gualajo","Afro","Gain",2.7720281613857
"Sabaletas","Afro","No gain",12493.3572029643
"Sanquianga","Afro","No gain",33124.7523630156
"Sanquianga","Afro","Gain",29.3394943382124
"General Del Municipìo De Nuquí - Los Riscales","Afro","No gain",37172.3385176026
"General Del Municipìo De Nuquí - Los Riscales","Afro","Gain",8.75534153639659
"Manos Unidas Del Socorro","Afro","No gain",9960.37350685894
"Manos Unidas Del Socorro","Afro","Gain",1.1618034697498
"El Progreso","Afro","No gain",28097.8086121141
"El Progreso","Afro","Gain",52.1659340628845
"Alto Guapi","Afro","No gain",95377.9242523017
"Alto Guapi","Afro","Gain",0.695503877582687
"La Cuenca Del Río Quiparadó","Afro","No gain",28175.0493363113
"La Cuenca Del Río Quiparadó","Afro","Gain",7.42570782659144
"Cuevitas","Afro","No gain",18278.7365619286
"Cuevitas","Afro","Gain",8.46262735775948
"Guadualito","Afro","No gain",1133.62213002752
"Guadualito","Afro","Gain",0.461103164542411
"Puerto España Y Miramar","Afro","No gain",10091.8269016658
"Negros Unidos","Afro","No gain",7564.83473969944
"Negros Unidos","Afro","Gain",3.62877355343819
"La Cuenca Del Río Salaquí","Afro","No gain",60359.9677547981
"La Cuenca Del Río Salaquí","Afro","Gain",28.2979413358007
"Integración De Telembí","Afro","No gain",16233.693601991
"Integración De Telembí","Afro","Gain",355.984117977778
"Cortina Verde Mandela","Afro","No gain",1379.98938556053
"Cortina Verde Mandela","Afro","Gain",6.31785660297935
"Llano Bajo","Afro","No gain",5099.85517928199
"Consejo Comunitario De Clavellino","Afro","No gain",4244.92020030286
"Consejo Comunitario De Clavellino","Afro","Gain",2.14424718313723
"Alto Potedo","Afro","No gain",2007.92175140608
"Alto Potedo","Afro","Gain",0.0770736124445753
"Rio Napi","Afro","No gain",44868.4382769807
"Rio Napi","Afro","Gain",2.47555126116986
"Cuellar Río San Juan","Afro","No gain",380.822756038212
"Río Satinga","Afro","No gain",25445.4275205867
"Río Satinga","Afro","Gain",32.5036487661644
"Renacer Negro","Afro","No gain",71429.1772971811
"Renacer Negro","Afro","Gain",11.8749698311025
"La Cuenca Del Río Iscuandé","Afro","No gain",73751.2200516463
"La Cuenca Del Río Iscuandé","Afro","Gain",6.24395612206789
"Río Pepe","Afro","No gain",8459.25055648506
"Río Pepe","Afro","Gain",10.2174139892522
"Alto Río Sequihonda","Afro","No gain",9944.63061590611
"Alto Río Sequihonda","Afro","Gain",9.0934667184077
"La Cuenca Del Río Acandí Zona Costera Norte","Afro","No gain",11398.6633544278
"La Cuenca Del Río Acandí Zona Costera Norte","Afro","Gain",2.44213462333751
"Río Guajuí","Afro","No gain",37209.5602938066
"Río Guajuí","Afro","Gain",7.04373219962597
"Juanchaco","Afro","No gain",2074.19318502586
"Juanchaco","Afro","Gain",0.0767480642723991
"Renacer Campesino","Afro","No gain",6870.72721191865
"Renacer Campesino","Afro","Gain",0.231054956739297
"Consejo Comunitario El Naranjo Ubicado En La Vereda Villa Rica","Afro","No gain",25.2425772696493
"Consejo Comunitario El Naranjo Ubicado En La Vereda Villa Rica","Afro","Gain",0.310677874087991
"La Nueva Esperanza","Afro","No gain",15161.0712689844
"La Nueva Esperanza","Afro","Gain",5.70043276564478
"San Joc Parte Alta Del Río Micay","Afro","No gain",13912.7232608164
"San Joc Parte Alta Del Río Micay","Afro","Gain",2.77680591992877
"Bellavista Dubaza","Afro","No gain",2524.50196970664
"Bellavista Dubaza","Afro","Gain",5.21876737216671
"Río Cacarica","Afro","No gain",103596.226104739
"Río Cacarica","Afro","Gain",37.3728446483357
"Casimiro","Afro","No gain",36.2816051156088
"Casimiro","Afro","Gain",0.153410592455005
"Consejo Comunitario Panama De Arauca","Afro","No gain",73.9230871576039
"Consejo Comunitario Panama De Arauca","Afro","Gain",0.229812706189442
"SELVA DE MATAVÉN","Indigenas","No gain",1878948.58419341
"SELVA DE MATAVÉN","Indigenas","Gain",447.631272885436
"EL SILENCIOEL SILENCIO","Indigenas","No gain",68.3701276744392
"MONDO-MONDOCITOMONDO-MONDOCITO","Indigenas","No gain",1409.9558313585
"MONDO-MONDOCITOMONDO-MONDOCITO","Indigenas","Gain",0.0767364662761783
"RI Muchido La GuamaRI Muchido La Guama","Indigenas","No gain",215.253705256446
"NASA CHAMBNASA CHAMB","Indigenas","No gain",41.9048003490513
"NASA CHAMBNASA CHAMB","Indigenas","Gain",2.01019337467774
"CAÑO JABÓNCAÑO JABÓN","Indigenas","No gain",5752.69032857281
"CAÑO JABÓNCAÑO JABÓN","Indigenas","Gain",21.4109476302095
"SAN ANTONIO DE LOS LAGOS Y SAN SEBASTIÁNSAN ANTONIO DE LOS LAGOS Y SAN SEBASTIÁN","Indigenas","No gain",200.481411579378
"SAN ANTONIO DE LOS LAGOS Y SAN SEBASTIÁNSAN ANTONIO DE LOS LAGOS Y SAN SEBASTIÁN","Indigenas","Gain",0.385541176114189
"CARRIZALCARRIZAL","Indigenas","No gain",9999.84914271433
"CARRIZALCARRIZAL","Indigenas","Gain",3.57023820495696
"LA AGUADITALA AGUADITA","Indigenas","No gain",1601.0367828246
"LA AGUADITALA AGUADITA","Indigenas","Gain",12.1173724885973
"LA FLORESTA - LA ESPAÑOLALA FLORESTA - LA ESPAÑOLA","Indigenas","No gain",142.935737533404
"LA FLORESTA - LA ESPAÑOLALA FLORESTA - LA ESPAÑOLA","Indigenas","Gain",0.231787682486601
"Yaigoje rio ApaporisYaigoje rio Apaporis","Indigenas","No gain",1046585.47823891
"Yaigoje rio ApaporisYaigoje rio Apaporis","Indigenas","Gain",62.4206666504289
"LA LIBERTAD 2LA LIBERTAD 2","Indigenas","No gain",1814.22549431071
"EL REFUGIOEL REFUGIO","Indigenas","No gain",291.555443389295
"EL REFUGIOEL REFUGIO","Indigenas","Gain",0.0772332300368992
"LAGUNA ARAGUATO Y BARRANCO CEIBALAGUNA ARAGUATO Y BARRANCO CEIBA","Indigenas","No gain",26989.7982327418
"LAGUNA ARAGUATO Y BARRANCO CEIBALAGUNA ARAGUATO Y BARRANCO CEIBA","Indigenas","Gain",53.7420244261748
"Comunidad Inga de NiñerasComunidad Inga de Niñeras","Indigenas","No gain",3436.44896534488
"Comunidad Inga de NiñerasComunidad Inga de Niñeras","Indigenas","Gain",9.19022466404568
"CONSARA-MECAYACONSARA-MECAYA","Indigenas","No gain",2829.40056522923
"CONSARA-MECAYACONSARA-MECAYA","Indigenas","Gain",4.90403889437158
"INKAL AWAINKAL AWA","Indigenas","No gain",115.913219210434
"INKAL AWAINKAL AWA","Indigenas","Gain",4.45820073886286
"AGUA BLANCAAGUA BLANCA","Indigenas","No gain",1288.40127510976
"AGUA BLANCAAGUA BLANCA","Indigenas","Gain",6.03068287677394
"PUERTO NARIÑOPUERTO NARIÑO","Indigenas","No gain",141973.441844009
"PUERTO NARIÑOPUERTO NARIÑO","Indigenas","Gain",48.1698381903227
"CUMARAL-GUAMUCOCUMARAL-GUAMUCO","Indigenas","No gain",29445.3196852704
"CUMARAL-GUAMUCOCUMARAL-GUAMUCO","Indigenas","Gain",143.765968367063
"LA JULIALA JULIA","Indigenas","No gain",217.410312859444
"LA JULIALA JULIA","Indigenas","Gain",1.23265946341287
"BARRANCÓNBARRANCÓN","Indigenas","No gain",2112.55397767177
"BARRANCÓNBARRANCÓN","Indigenas","Gain",3.54184068859209
"SAN JOSÉ DEL RÍOSAN JOSÉ DEL RÍO","Indigenas","No gain",564.574311147354
"CENTRO MIRAFLORESCENTRO MIRAFLORES","Indigenas","No gain",716.76820366403
"CENTRO MIRAFLORESCENTRO MIRAFLORES","Indigenas","Gain",5.86124203555695
"STA ROSA-JUANAMBU-CAMPO ALEGRE-ALPES ORIENTALESSTA ROSA-JUANAMBU-CAMPO ALEGRE-ALPES ORIENTALES","Indigenas","No gain",1637.98104668235
"STA ROSA-JUANAMBU-CAMPO ALEGRE-ALPES ORIENTALESSTA ROSA-JUANAMBU-CAMPO ALEGRE-ALPES ORIENTALES","Indigenas","Gain",6.53501004308848
"LA TEÓFILALA TEÓFILA","Indigenas","No gain",1716.24472403849
"LA TEÓFILALA TEÓFILA","Indigenas","Gain",1.46562316314133
"CHIGUIROCHIGUIRO","Indigenas","No gain",16049.4028018339
"CHIGUIROCHIGUIRO","Indigenas","Gain",99.5109838685191
"TUKUNARETUKUNARE","Indigenas","No gain",3456.37499051496
"TUKUNARETUKUNARE","Indigenas","Gain",3.91652871747829
"ARRECIFALARRECIFAL","Indigenas","No gain",4465.75527164795
"ARRECIFALARRECIFAL","Indigenas","Gain",9.06178336049551
"JIRIJIRIJIRIJIRI","Indigenas","No gain",4451.86928040167
"JIRIJIRIJIRIJIRI","Indigenas","Gain",0.845865928842685
"EL PORVENIR KANANGUCHALEL PORVENIR KANANGUCHAL","Indigenas","No gain",549.858812701031
"BOCANAS DE LUZONBOCANAS DE LUZON","Indigenas","No gain",1168.11139980044
"BOCANAS DE LUZONBOCANAS DE LUZON","Indigenas","Gain",82.3157970480693
"EL PORVENIR - LA BARRIALOSAEL PORVENIR - LA BARRIALOSA","Indigenas","No gain",3385.76301219619
"EL PORVENIR - LA BARRIALOSAEL PORVENIR - LA BARRIALOSA","Indigenas","Gain",21.0267240557968
"CUSUMBE-AGUA BLANCACUSUMBE-AGUA BLANCA","Indigenas","No gain",330.401204214959
"CUSUMBE-AGUA BLANCACUSUMBE-AGUA BLANCA","Indigenas","Gain",16.7427853367878
"LA ITALIALA ITALIA","Indigenas","No gain",742.10562535908
"LA ITALIALA ITALIA","Indigenas","Gain",21.0110055269772
"LA PAYALA PAYA","Indigenas","No gain",5680.35680637426
"LA PAYALA PAYA","Indigenas","Gain",5.77326793162047
"LA PLAYALA PLAYA","Indigenas","No gain",57.7255404974887
"LA PLAYALA PLAYA","Indigenas","Gain",1.46433280300706
"CACHIVERA DE NARECACHIVERA DE NARE","Indigenas","No gain",325.644546742096
"CACHIVERA DE NARECACHIVERA DE NARE","Indigenas","Gain",0.846429587467642
"SAN JUAN DE LOS PARENTESSAN JUAN DE LOS PARENTES","Indigenas","No gain",43.2531303519836
"GORGONIAGORGONIA","Indigenas","No gain",440.854606831559
"CHARCO CAIMÁNCHARCO CAIMÁN","Indigenas","No gain",1965.29312421631
"CHARCO CAIMÁNCHARCO CAIMÁN","Indigenas","Gain",14.9721918750428
"LA ARGELIALA ARGELIA","Indigenas","No gain",169.027755772644
"LA ARGELIALA ARGELIA","Indigenas","Gain",0.930001407277271
"PUERTO VIEJO Y PUERTO ESPERANZAPUERTO VIEJO Y PUERTO ESPERANZA","Indigenas","No gain",9981.8751930392
"PUERTO VIEJO Y PUERTO ESPERANZAPUERTO VIEJO Y PUERTO ESPERANZA","Indigenas","Gain",242.950417242854
"CECILIA COCHACECILIA COCHA","Indigenas","No gain",6574.86750415061
"CECILIA COCHACECILIA COCHA","Indigenas","Gain",11.455410588506
"ALTO LORENZOALTO LORENZO","Indigenas","No gain",1416.57593550656
"ALTO LORENZOALTO LORENZO","Indigenas","Gain",28.7937544482065
"BAJO CASACUNTEBAJO CASACUNTE","Indigenas","No gain",1890.03771519322
"BAJO CASACUNTEBAJO CASACUNTE","Indigenas","Gain",9.05535955145562
"PUERTO MONFORTHPUERTO MONFORTH","Indigenas","No gain",921.586035794184
"PUERTO MONFORTHPUERTO MONFORTH","Indigenas","Gain",23.1647095427181
"ALBANIAALBANIA","Indigenas","No gain",274.099796525477
"ALBANIAALBANIA","Indigenas","Gain",3.99921139711694
"RÍOS COTUHÉ Y PUTUMAYORÍOS COTUHÉ Y PUTUMAYO","Indigenas","No gain",253595.857374465
"RÍOS COTUHÉ Y PUTUMAYORÍOS COTUHÉ Y PUTUMAYO","Indigenas","Gain",14.7326710165552
"MATICURÚMATICURÚ","Indigenas","No gain",468.173702316485
"MATICURÚMATICURÚ","Indigenas","Gain",1.54131260021888
"GUAYABERO DE LA MARÍAGUAYABERO DE LA MARÍA","Indigenas","No gain",522.686307833399
"GUAYABERO DE LA MARÍAGUAYABERO DE LA MARÍA","Indigenas","Gain",0.0768882476954103
"CALARCACALARCA","Indigenas","No gain",5523.23131749435
"CALARCACALARCA","Indigenas","Gain",119.717329461061
"ZIT-SET DEL QUECALZIT-SET DEL QUECAL","Indigenas","No gain",818.140235761677
"ZIT-SET DEL QUECALZIT-SET DEL QUECAL","Indigenas","Gain",4.38990807101719
"NAZARETNAZARET","Indigenas","No gain",1330.46894366823
"NAZARETNAZARET","Indigenas","Gain",1.00354489513704
"MURCIÉLAGO ALTAMIRAMURCIÉLAGO ALTAMIRA","Indigenas","No gain",7384.54582355967
"MURCIÉLAGO ALTAMIRAMURCIÉLAGO ALTAMIRA","Indigenas","Gain",7.10215785159098
"RÍOS CUIARI E ISANARÍOS CUIARI E ISANA","Indigenas","No gain",931314.725037184
"RÍOS CUIARI E ISANARÍOS CUIARI E ISANA","Indigenas","Gain",61.4719021884732
"NUEVO HORIZONTENUEVO HORIZONTE","Indigenas","No gain",215.334102538078
"NUEVO HORIZONTENUEVO HORIZONTE","Indigenas","Gain",13.4343914239442
"EL ESPINGOEL ESPINGO","Indigenas","No gain",2010.83775855759
"EL ESPINGOEL ESPINGO","Indigenas","Gain",14.8779638643517
"PAEZ DEL LIBANOPAEZ DEL LIBANO","Indigenas","No gain",465.063430135786
"PAEZ DEL LIBANOPAEZ DEL LIBANO","Indigenas","Gain",6.24504937682339
"CURARE LOS INGLESESCURARE LOS INGLESES","Indigenas","No gain",252156.225847208
"CURARE LOS INGLESESCURARE LOS INGLESES","Indigenas","Gain",4.18094158314597
"LLANOS DEL YARÍ - YAGUARÁ IILLANOS DEL YARÍ - YAGUARÁ II","Indigenas","No gain",199548.633417665
"LLANOS DEL YARÍ - YAGUARÁ IILLANOS DEL YARÍ - YAGUARÁ II","Indigenas","Gain",35.1027580723013
"BUENAVISTABUENAVISTA","Indigenas","No gain",4969.05408631743
"BUENAVISTABUENAVISTA","Indigenas","Gain",29.466254387947
"COAYARE EL COCOCOAYARE EL COCO","Indigenas","No gain",11578.4802800469
"COAYARE EL COCOCOAYARE EL COCO","Indigenas","Gain",7.14946464440826
"ARARA, BACATÍ, CARURU Y MIRAFLORESARARA, BACATÍ, CARURU Y MIRAFLORES","Indigenas","No gain",290589.52252062
"ARARA, BACATÍ, CARURU Y MIRAFLORESARARA, BACATÍ, CARURU Y MIRAFLORES","Indigenas","Gain",740.834763549968
"YARINAL (SAN MARCELINO)YARINAL (SAN MARCELINO)","Indigenas","No gain",2812.94970571907
"YARINAL (SAN MARCELINO)YARINAL (SAN MARCELINO)","Indigenas","Gain",205.853826834397
"CALENTURASCALENTURAS","Indigenas","No gain",2645.70926252711
"CALENTURASCALENTURAS","Indigenas","Gain",15.1205428037706
"SAN RAFAELSAN RAFAEL","Indigenas","No gain",51.5928500038074
"SAN RAFAELSAN RAFAEL","Indigenas","Gain",3.76197864611096
"TUCÁN DE CAÑO GIRIZA Y PUERTO LA PALMATUCÁN DE CAÑO GIRIZA Y PUERTO LA PALMA","Indigenas","No gain",5446.32125002901
"TUCÁN DE CAÑO GIRIZA Y PUERTO LA PALMATUCÁN DE CAÑO GIRIZA Y PUERTO LA PALMA","Indigenas","Gain",83.9000933022895
"LA YUQUERALA YUQUERA","Indigenas","No gain",8240.05188155788
"LA YUQUERALA YUQUERA","Indigenas","Gain",105.750310638777
"SAN LUISSAN LUIS","Indigenas","No gain",339.391201803195
"SAN LUISSAN LUIS","Indigenas","Gain",0.771694410648465
"PUERTO NARANJO, PEÑAS ROJAS, CUERAZO Y EL DIAMANTEPUERTO NARANJO, PEÑAS ROJAS, CUERAZO Y EL DIAMANTE","Indigenas","No gain",2245.66773334527
"PUERTO NARANJO, PEÑAS ROJAS, CUERAZO Y EL DIAMANTEPUERTO NARANJO, PEÑAS ROJAS, CUERAZO Y EL DIAMANTE","Indigenas","Gain",27.6134981044607
"LA SIBERIALA SIBERIA","Indigenas","No gain",593.606333371857
"LA SIBERIALA SIBERIA","Indigenas","Gain",0.616013836681134
"VEGAS DE SANTANAVEGAS DE SANTANA","Indigenas","No gain",77.4161655614742
"VEGAS DE SANTANAVEGAS DE SANTANA","Indigenas","Gain",1.69468223119645
"LA CRISTALINALA CRISTALINA","Indigenas","No gain",168.692879186263
"LA CRISTALINALA CRISTALINA","Indigenas","Gain",3.2352059022023
"LOS PIJAOSLOS PIJAOS","Indigenas","No gain",130.466169140692
"LOS PIJAOSLOS PIJAOS","Indigenas","Gain",0.99885759648351
"EL GUAYABALEL GUAYABAL","Indigenas","No gain",632.732972102975
"EL GUAYABALEL GUAYABAL","Indigenas","Gain",1.00421543612974
"EL ITILLAEL ITILLA","Indigenas","No gain",8578.46844894036
"EL ITILLAEL ITILLA","Indigenas","Gain",2.37141207869692
"LAGUNA-CURVINA SAPUARALAGUNA-CURVINA SAPUARA","Indigenas","No gain",3413.0233780858
"LAGUNA-CURVINA SAPUARALAGUNA-CURVINA SAPUARA","Indigenas","Gain",10.2274480342185
"LOS GUADUALESLOS GUADUALES","Indigenas","No gain",308.091865658438
"LOS GUADUALESLOS GUADUALES","Indigenas","Gain",11.0197940943363
"BARRANQUILLITABARRANQUILLITA","Indigenas","No gain",22157.6886089856
"BARRANQUILLITABARRANQUILLITA","Indigenas","Gain",163.966310936919
"CAMPO ALEGRE DEL AFILADORCAMPO ALEGRE DEL AFILADOR","Indigenas","No gain",867.357584016049
"CAMPO ALEGRE DEL AFILADORCAMPO ALEGRE DEL AFILADOR","Indigenas","Gain",54.5323834014175
"CAÑO NEGROCAÑO NEGRO","Indigenas","No gain",1734.72671989961
"CAÑO NEGROCAÑO NEGRO","Indigenas","Gain",1.38501135321326
"VILLA CATALINA-DE PUERTO ROSARIOVILLA CATALINA-DE PUERTO ROSARIO","Indigenas","No gain",64854.0327974756
"VILLA CATALINA-DE PUERTO ROSARIOVILLA CATALINA-DE PUERTO ROSARIO","Indigenas","Gain",4.55189109765001
"WASIPANGAWASIPANGA","Indigenas","No gain",622.233834230434
"WASIPANGAWASIPANGA","Indigenas","Gain",15.3160491270047
"AGUA NEGRAAGUA NEGRA","Indigenas","No gain",2600.33542322505
"AGUA NEGRAAGUA NEGRA","Indigenas","Gain",6.08743253822021
"JERICÓ-CONSAYAJERICÓ-CONSAYA","Indigenas","No gain",8528.65739290458
"JERICÓ-CONSAYAJERICÓ-CONSAYA","Indigenas","Gain",9.39873360011525
"JERUSALÉN-SAN LUIS ALTO PICUDITOJERUSALÉN-SAN LUIS ALTO PICUDITO","Indigenas","No gain",5038.28784725344
"JERUSALÉN-SAN LUIS ALTO PICUDITOJERUSALÉN-SAN LUIS ALTO PICUDITO","Indigenas","Gain",36.7865192582258
"SAN ANTONIO DEL FRAGUASAN ANTONIO DEL FRAGUA","Indigenas","No gain",1374.20600800104
"SAN ANTONIO DEL FRAGUASAN ANTONIO DEL FRAGUA","Indigenas","Gain",5.92031906317241
"NASSA KIWENASSA KIWE","Indigenas","No gain",358.286265040429
"NASSA KIWENASSA KIWE","Indigenas","Gain",1.92254917922531
"LA ASUNCIONLA ASUNCION","Indigenas","No gain",743.31177632344
"LA ASUNCIONLA ASUNCION","Indigenas","Gain",10.3943536154614
"HERICHAHERICHA","Indigenas","No gain",1487.2570312388
"HERICHAHERICHA","Indigenas","Gain",15.5524108458994
"PLAYA LARGAPLAYA LARGA","Indigenas","No gain",696.022179929771
"PLAYA LARGAPLAYA LARGA","Indigenas","Gain",6.78369164180085
"EL QUINCEEL QUINCE","Indigenas","No gain",1300.25128073329
"EL QUINCEEL QUINCE","Indigenas","Gain",3.15277677627684
"MACUAREMACUARE","Indigenas","No gain",21315.596458621
"MACUAREMACUARE","Indigenas","Gain",49.4606020861662
"LAGARTO COCHALAGARTO COCHA","Indigenas","No gain",4070.18823396705
"LAGARTO COCHALAGARTO COCHA","Indigenas","Gain",5.74874517518556
"ISLA DE RONDAISLA DE RONDA","Indigenas","No gain",61.6180918530695
"LA LEONALA LEONA","Indigenas","No gain",174.033192145939
"LA LEONALA LEONA","Indigenas","Gain",0.694281351646034
"GuayuyacoGuayuyaco","Indigenas","No gain",2039.13286589305
"GuayuyacoGuayuyaco","Indigenas","Gain",11.351252746858
"SANTA CRUZ DE PIÑUÑA BLANCOSANTA CRUZ DE PIÑUÑA BLANCO","Indigenas","No gain",2011.52107381674
"SANTA CRUZ DE PIÑUÑA BLANCOSANTA CRUZ DE PIÑUÑA BLANCO","Indigenas","Gain",0.307866244318613
"PUERTO CÓRDOBAPUERTO CÓRDOBA","Indigenas","No gain",54015.3428027602
"PUERTO CÓRDOBAPUERTO CÓRDOBA","Indigenas","Gain",8.4407321903985
"RESGUARDO INDÍGENA FUNESRESGUARDO INDÍGENA FUNES","Indigenas","No gain",12490.9924490271
"Awa MayasquerAwa Mayasquer","Indigenas","No gain",214.640266689248
"Awa MayasquerAwa Mayasquer","Indigenas","Gain",0.0771532231090035
"PUERTO TRIUNFOPUERTO TRIUNFO","Indigenas","No gain",1178.11502989607
"MOCAGUA, MACEDONIA, EL VERGEL Y ZARAGOZAMOCAGUA, MACEDONIA, EL VERGEL Y ZARAGOZA","Indigenas","No gain",17051.1975564651
"MOCAGUA, MACEDONIA, EL VERGEL Y ZARAGOZAMOCAGUA, MACEDONIA, EL VERGEL Y ZARAGOZA","Indigenas","Gain",1.233504665573
"ARARAARARA","Indigenas","No gain",12297.6710898743
"ARARAARARA","Indigenas","Gain",2.22985876516306
"SANTA SOFÍASANTA SOFÍA","Indigenas","No gain",3094.53850879185
"SANTA SOFÍASANTA SOFÍA","Indigenas","Gain",0.771051604323479
"La Primavera Etnia HuitotoLa Primavera Etnia Huitoto","Indigenas","No gain",12948.5313774117
"La Primavera Etnia HuitotoLa Primavera Etnia Huitoto","Indigenas","Gain",0.30785124883887
"Tiitanho Nijaamu - La LibertadTiitanho Nijaamu - La Libertad","Indigenas","No gain",2836.99374669301
"Tiitanho Nijaamu - La LibertadTiitanho Nijaamu - La Libertad","Indigenas","Gain",0.540732892960058
"EL PIÑAL","Indigenas","No gain",2953.86124172473
"Pescadito","Indigenas","No gain",630.013138129613
"Pescadito","Indigenas","Gain",0.686538109113273
"PLAYITA SAN FRANCISCO","Indigenas","No gain",3374.08154899108
"PLAYITA SAN FRANCISCO","Indigenas","Gain",0.232220162127446
"SANTA MARÍA DE PANGALA","Indigenas","No gain",12416.477784964
"SANTA MARÍA DE PANGALA","Indigenas","Gain",0.462054322970243
"SAN JUAN DE PAMPON","Indigenas","No gain",47.4567941505726
"YARUMAL Y EL BARRANCO","Indigenas","No gain",5197.2535913658
"YARUMAL Y EL BARRANCO","Indigenas","Gain",0.536115165628656
"CHINGUIRITO MIRA","Indigenas","No gain",786.188613462322
"CHINGUIRITO MIRA","Indigenas","Gain",35.9113659390943
"PUADÓ, LA LERMA, MATARÉ, Y TERDO","Indigenas","No gain",12166.2523536029
"PUADÓ, LA LERMA, MATARÉ, Y TERDO","Indigenas","Gain",2.68826717577826
"TANELA","Indigenas","No gain",1063.69413440283
"TANELA","Indigenas","Gain",2.59474821134281
"ALMORZADERO, SAN ISIDRO Y LA NUEVA UNIÓN","Indigenas","No gain",5153.0496627349
"NUEVO PITALITO","Indigenas","No gain",2315.48570221905
"NUEVO PITALITO","Indigenas","Gain",0.307787545157391
"CABECERAS O PUERTO PIZARÍO","Indigenas","No gain",3914.65785655232
"CABECERAS O PUERTO PIZARÍO","Indigenas","Gain",0.539421358186343
"BUENAVISTA","Indigenas","No gain",2508.1475659391
"BUENAVISTA","Indigenas","Gain",0.154418812740594
"BURUJON O LA UNIÓN-SAN BERNARDO","Indigenas","No gain",6467.6839702012
"BURUJON O LA UNIÓN-SAN BERNARDO","Indigenas","Gain",2.85079526461342
"CHAGPIEN TORDO","Indigenas","No gain",22745.7666325064
"CHAGPIEN TORDO","Indigenas","Gain",1.54098889824236
"RÍO TAPARAL","Indigenas","No gain",14277.8024786957
"RÍO TAPARAL","Indigenas","Gain",3.69164006020844
"CUAYQUER DEL ALTO ALBI","Indigenas","No gain",4428.54712229153
"CUAYQUER DEL ALTO ALBI","Indigenas","Gain",1.47053243369404
"TOGOROMA","Indigenas","No gain",8740.17403190268
"TOGOROMA","Indigenas","Gain",4.39534094859458
"SAN AGUSTIN-LA FLORESTA","Indigenas","No gain",57.2826639603469
"INDA GUACARAY","Indigenas","No gain",1214.72519457762
"INDA GUACARAY","Indigenas","Gain",77.6331050410696
"PUERTO LIBIA TRIPICAY","Indigenas","No gain",2195.68005674251
"PUERTO LIBIA TRIPICAY","Indigenas","Gain",0.768553346894366
"DOMINICO, LONDOÑO Y APARTADÓ","Indigenas","No gain",6700.97157807208
"DOMINICO, LONDOÑO Y APARTADÓ","Indigenas","Gain",6.14352360496644
"PATIO BONITO","Indigenas","No gain",869.011899180135
"PATIO BONITO","Indigenas","Gain",1.76909839627749
"SANTA ROSITA","Indigenas","No gain",408.768643698516
"SANTA ROSITA","Indigenas","Gain",32.5712066692044
"RÍO DAGUA","Indigenas","No gain",59.8060205987889
"QUEBRADA GRANDE","Indigenas","No gain",797.862600616637
"QUEBRADA GRANDE","Indigenas","Gain",0.309159198146522
"TIOSILIDIO","Indigenas","No gain",4603.28605521572
"TIOSILIDIO","Indigenas","Gain",0.0771910129154979
"DEARADE BIAKIRUDE","Indigenas","No gain",6372.86221396754
"DEARADE BIAKIRUDE","Indigenas","Gain",1.4589886020988
"MIASA DE PARTADO","Indigenas","No gain",2316.15394973657
"MIASA DE PARTADO","Indigenas","Gain",1.53642053050519
"RÍO PANGÜI","Indigenas","No gain",6695.07138412097
"RÍO PANGÜI","Indigenas","Gain",0.306870544368377
"QUEBRADA QUERA","Indigenas","No gain",4257.95038307961
"QUEBRADA QUERA","Indigenas","Gain",2.61054372880674
"LA FLORESTA, SANTA ROSA Y SAN FRANCISCO","Indigenas","No gain",9550.43213726365
"LA FLORESTA, SANTA ROSA Y SAN FRANCISCO","Indigenas","Gain",1.85616483888317
"CUTI","Indigenas","No gain",250.76027986505
"CUTI","Indigenas","Gain",1.29650996280591
"GRAN ROSARIO","Indigenas","No gain",17409.1251514625
"GRAN ROSARIO","Indigenas","Gain",140.056017091035
"RÍO NUQUI","Indigenas","No gain",10007.6823939864
"RÍO NUQUI","Indigenas","Gain",0.153461463112975
"PERANCHO","Indigenas","No gain",936.637975094477
"PERANCHO","Indigenas","Gain",0.305890912832945
"INDA ZABALETA","Indigenas","No gain",6169.07492642533
"INDA ZABALETA","Indigenas","Gain",228.375042559903
"SAUNDE GUIGUAY","Indigenas","No gain",7685.47793659829
"SAUNDE GUIGUAY","Indigenas","Gain",2.54644442566862
"PLANADAS TELEMBÍ","Indigenas","No gain",3187.40821650282
"PLANADAS TELEMBÍ","Indigenas","Gain",0.0770109984900051
"PEÑA LA ALEGRIA","Indigenas","No gain",35.2624220242115
"PEÑA LA ALEGRIA","Indigenas","Gain",0.0771606608844891
"SANTA CECILIA DE LA QUEBRADA ORO CHOCÓ","Indigenas","No gain",5092.81687113391
"SANTA CECILIA DE LA QUEBRADA ORO CHOCÓ","Indigenas","Gain",5.30349634175341
"PUERTO LIBRE DEL RÍO PEPÉ","Indigenas","No gain",2162.92337317591
"PUERTO LIBRE DEL RÍO PEPÉ","Indigenas","Gain",1.30806465115583
"INFI","Indigenas","No gain",3359.22061877078
"INFI","Indigenas","Gain",0.926064173889806
"RÍO GUANGÜI","Indigenas","No gain",22747.1314483361
"RÍO GUANGÜI","Indigenas","Gain",0.693994396614932
"CALLE SANTA ROSA RÍO SAIJA","Indigenas","No gain",22527.8313802703
"CALLE SANTA ROSA RÍO SAIJA","Indigenas","Gain",0.231265784975724
"RÍOS CATRU-DUBASA Y ANCOSO","Indigenas","No gain",57075.6661345123
"RÍOS CATRU-DUBASA Y ANCOSO","Indigenas","Gain",52.2941670188544
"TRONQUERIA, PULGANDE-PALICITO","Indigenas","No gain",12553.7741756504
"TRONQUERIA, PULGANDE-PALICITO","Indigenas","Gain",0.464733707150938
"CHACHAJO","Indigenas","No gain",2171.94026577205
"CHACHAJO","Indigenas","Gain",0.923607611512267
"EL CEDRO, LAS PEÑAS, LA BRAVA, PILVÍ Y LA PINTADA","Indigenas","No gain",5029.32149435968
"EL CEDRO, LAS PEÑAS, LA BRAVA, PILVÍ Y LA PINTADA","Indigenas","Gain",30.1940453933941
"PAPAYO","Indigenas","No gain",3372.80686795262
"PAPAYO","Indigenas","Gain",0.768783476466224
"SIRENA BERRECUY","Indigenas","No gain",1251.60134819609
"SIRENA BERRECUY","Indigenas","Gain",0.0767241677310174
"RÍO SATINGA","Indigenas","No gain",2781.77571599421
"RÍO SATINGA","Indigenas","Gain",1.61614812249982
"DOCORDO-BALSALITO","Indigenas","No gain",5024.71909165718
"DOCORDO-BALSALITO","Indigenas","Gain",0.385526347051205
"CHIGORODO MEMBA","Indigenas","No gain",2478.22434213349
"CHIGORODO MEMBA","Indigenas","Gain",1.30586491278499
"EYAKERA DOGIBI","Indigenas","No gain",3223.01639864543
"DO IMAMA TUMA Y BELLA LUZ","Indigenas","No gain",3078.12430680818
"DO IMAMA TUMA Y BELLA LUZ","Indigenas","Gain",0.230565352186576
"PULGANDE CAMPOALEGRE","Indigenas","No gain",1011.58912987069
"PULGANDE CAMPOALEGRE","Indigenas","Gain",40.3301654169101
"AGUACLARA Y BELLA LUZ DEL RÍO AMPORÁ","Indigenas","No gain",9366.33148044537
"AGUACLARA Y BELLA LUZ DEL RÍO AMPORÁ","Indigenas","Gain",3.22590263049797
"RÍOS TORREIDO Y CHIMANI","Indigenas","No gain",6393.9919084892
"RÍOS TORREIDO Y CHIMANI","Indigenas","Gain",9.45242908516828
"PLAYA BENDITA","Indigenas","No gain",4408.05647934189
"PLAYA BENDITA","Indigenas","Gain",1.46224615652873
"LA RAYA","Indigenas","No gain",5102.78660892538
"LA RAYA","Indigenas","Gain",0.306367867488728
"MORRITO","Indigenas","No gain",936.449546242853
"SANQUIANGUITA","Indigenas","No gain",703.831366507545
"SANQUIANGUITA","Indigenas","Gain",0.388256490791894
"PIEDRA SELLADA-QUEBRADA TRONQUERIA","Indigenas","No gain",444.600528988214
"PIEDRA SELLADA-QUEBRADA TRONQUERIA","Indigenas","Gain",0.850540142412235
"RÍO PICHIMA","Indigenas","No gain",9310.37033197802
"RÍO PICHIMA","Indigenas","Gain",4.54134368612827
"LA TURBIA","Indigenas","No gain",28979.0797952199
"LA TURBIA","Indigenas","Gain",16.7913024738195
"PEÑAS DEL OLVIDO","Indigenas","No gain",258.057033337861
"TRAPICHE DEL RÍO PEPÉ","Indigenas","No gain",1007.27909692903
"TRAPICHE DEL RÍO PEPÉ","Indigenas","Gain",0.614381882847835
"RÍO QUIPARADO","Indigenas","No gain",9774.30940840809
"RÍO QUIPARADO","Indigenas","Gain",0.536309069565252
"RÍO PAVASA Y QUEBRADA JELLA","Indigenas","No gain",13898.0989636446
"RÍO PAVASA Y QUEBRADA JELLA","Indigenas","Gain",3.68902624618406
"PIGUAMBI PALANGALA","Indigenas","No gain",507.619483880528
"PIGUAMBI PALANGALA","Indigenas","Gain",19.5535519826087
"INTEGRADO EL CHARCO","Indigenas","No gain",3911.25658871264
"INTEGRADO EL CHARCO","Indigenas","Gain",2.24034527785788
"PERANCHITO","Indigenas","No gain",1493.4301478571
"PERANCHITO","Indigenas","Gain",0.152952698469592
"MAIZ BLANCO","Indigenas","No gain",139.041511072282
"SAN JOSÉ AMIA DE PATO","Indigenas","No gain",843.879548834433
"SAN JOSÉ AMIA DE PATO","Indigenas","Gain",0.614344925896393
"PUERTO ALEGRE Y LA DIVISA","Indigenas","No gain",21922.8375133576
"PUERTO ALEGRE Y LA DIVISA","Indigenas","Gain",7.06645686246852
"KEJUAMBi FELICIANA","Indigenas","No gain",1871.98954378453
"KEJUAMBi FELICIANA","Indigenas","Gain",16.9452641389317
"NUEVA BELLAVISTA Y PARTIDERO","Indigenas","No gain",49.5489652965417
"ARQUIA","Indigenas","No gain",2415.85506127698
"ARQUIA","Indigenas","Gain",10.0024340400533
"POCARA","Indigenas","No gain",262.775727772965
"POCARA","Indigenas","Gain",3.38767419338132
"MOTILÓN - BARÍ","Indigenas","No gain",107059.417311039
"MOTILÓN - BARÍ","Indigenas","Gain",47.2184656844863
"NASA KWE´S KIWE","Indigenas","No gain",94.4979085449259
"MESA DE ORTEGA","Indigenas","No gain",365.581385410667
"IROKA","Indigenas","No gain",8766.71401407766
"IROKA","Indigenas","Gain",0.226887704497468
"JAIDEZAVÍ","Indigenas","No gain",4988.43333581545
"PICKWE THA FIW","Indigenas","No gain",553.700393930469
"PICKWE THA FIW","Indigenas","Gain",0.461737646085172
"CAÑO PADILLA","Indigenas","No gain",101.880028793849
"JEBALÁ","Indigenas","No gain",193.003995666638
"JEBALÁ","Indigenas","Gain",5.78318005393441
"WASIPUNGO","Indigenas","No gain",748.927868162893
"WASIPUNGO","Indigenas","Gain",0.459652946908486
"DOXURA","Indigenas","No gain",123.940012027921
"DOXURA","Indigenas","Gain",0.0766481212293881
"LA BONANZA","Indigenas","No gain",177.316286280391
"LA BONANZA","Indigenas","Gain",0.0768268138129944
"VILLA MARIA DE ANAMÚ","Indigenas","No gain",1546.79755298838
"EMBERA DRUA","Indigenas","No gain",19.5866224082065
"PLAYAS DE BOJABÁ","Indigenas","No gain",1323.28717919533
"PLAYAS DE BOJABÁ","Indigenas","Gain",0.305997729031179
"EL VERGEL","Indigenas","No gain",63.7620060981001
"CHENCHE BALSILLAS","Indigenas","No gain",49.135374916825
"CHENCHE BALSILLAS","Indigenas","Gain",0.0766542510402887
"BOCAS DE TETUAN","Indigenas","No gain",38.9902106056171
"RAMOS-MONGON-MANCHURIA","Indigenas","No gain",4279.6281197354
"YACO MOLANA","Indigenas","No gain",244.527806877312
"YACO MOLANA","Indigenas","Gain",1.92238841884679
"CAÑAVERAL","Indigenas","No gain",2101.37003398057
"CAÑAVERAL","Indigenas","Gain",14.986610785686
"GUALERAS","Indigenas","No gain",245.08156948508
"GUALERAS","Indigenas","Gain",0.0769486874364457
"COCANA","Indigenas","No gain",209.322481019176
"COCANA","Indigenas","Gain",0.538104064316647
"ANACARCO","Indigenas","No gain",843.502585144838
"ANACARCO","Indigenas","Gain",0.691710548182555
"SABANAS DE CURIPAO","Indigenas","No gain",32992.9441109381
"SABANAS DE CURIPAO","Indigenas","Gain",1.68525198382332
"SANTA ROSA SUCUMBIOS EL DIVISO","Indigenas","No gain",1115.9015387098
"SANTA ROSA SUCUMBIOS EL DIVISO","Indigenas","Gain",9.48817152366277
"LAS PALMAS","Indigenas","No gain",120.080477463841
"YUNGILLO","Indigenas","No gain",26918.9613253235
"YUNGILLO","Indigenas","Gain",2.47106054082454
"RUMIYACO","Indigenas","No gain",321.027144185466
"RUMIYACO","Indigenas","Gain",0.537991383600254
"CAMENTSA BIYA","Indigenas","No gain",87.2996909328007
"Inga de San Miguel","Indigenas","No gain",1883.35533806346
"Inga de San Miguel","Indigenas","Gain",4.75749800195299
"NAM MISAK","Indigenas","No gain",898.250762395632
"NAM MISAK","Indigenas","Gain",0.154312104860957
"TAMIRCO","Indigenas","No gain",251.716954631176
"VALLE DE PERDIDAS","Indigenas","No gain",8789.76701051777
"VALLE DE PERDIDAS","Indigenas","Gain",0.0765612463570843
"TRES ESQUINAS","Indigenas","No gain",107.57140100847
"RINCÓN DE ANCHIQUE","Indigenas","No gain",137.380873149647
"CARLOSAMA","Indigenas","No gain",287.154045931174
"CARLOSAMA","Indigenas","Gain",5.69841764518823
"YU YIC KWE","Indigenas","No gain",2476.16009585364
"MAJORÉ-AMBURÁ","Indigenas","No gain",6880.49338531311
"ZARAGOZA TAMARINDO","Indigenas","No gain",106.497645683137
"NASA WE SX KIWE LA GAITANA_D","Indigenas","No gain",153.262718950916
"NASA WE SX KIWE LA GAITANA_D","Indigenas","Gain",0.998204081343642
"TOTARCO NIPLE","Indigenas","No gain",260.539843727862
"EL GRAN SABALO","Indigenas","No gain",43056.9752931357
"EL GRAN SABALO","Indigenas","Gain",1.23923241321593
"Choromandó Alto y Medio","Indigenas","No gain",3102.38313108818
"CRISTIANÍA","Indigenas","No gain",1168.24834758538
"Potrerito","Indigenas","No gain",264.224043295203
"NASA DE CXHAB WALA LUUCX","Indigenas","No gain",469.123199752133
"CHENCHE-SOCORRO-LOS GUAYABOS","Indigenas","No gain",409.923918778746
"NOVIRAO","Indigenas","No gain",1096.69665066465
"NOVIRAO","Indigenas","Gain",3.54220235434445
"LOMAS DE HILARCO","Indigenas","No gain",518.031213249308
"LOMAS DE HILARCO","Indigenas","Gain",0.07684782869742
"BALSILLAS LIMON","Indigenas","No gain",341.754862578541
"BALSILLAS LIMON","Indigenas","Gain",0.153632215139825
"MERCADILLO","Indigenas","No gain",80.4502897223378
"MERCADILLO","Indigenas","Gain",0.919431882541004
"QUEBRADITAS","Indigenas","No gain",104.072652071083
"QUEBRADITAS","Indigenas","Gain",1.2252850869296
"AICO","Indigenas","No gain",532.371049287377
"AICO","Indigenas","Gain",0.0769433515374153
"LA MARíA","Indigenas","No gain",154.080130037716
"LA MARíA","Indigenas","Gain",0.153926203833882
"LA LAGUNA - SIBERIA","Indigenas","No gain",414.475778439514
"LA LAGUNA - SIBERIA","Indigenas","Gain",0.153680303462927
"SANTA MARTA PALMAR","Indigenas","No gain",111.004294151366
"KWES KIWE NASA","Indigenas","No gain",40.7864273548065
"SAN MIGUEL DE LA CASTELLANA","Indigenas","No gain",516.421775892575
"SAN MIGUEL DE LA CASTELLANA","Indigenas","Gain",1.84546197460122
"JAI-DUKAMA","Indigenas","No gain",1316.46103549393
"INGA KAMSA","Indigenas","No gain",984.047838257507
"INGA KAMSA","Indigenas","Gain",0.462428495421761
"POTRERITO DOYARÉ","Indigenas","No gain",589.760549181915
"Llano buco - Bukj Ukue","Indigenas","No gain",452.066535406941
"CUCHILLA-PALMAR","Indigenas","No gain",2633.24949719678
"VALLES DEL SOL","Indigenas","No gain",26985.6716841996
"VALLES DEL SOL","Indigenas","Gain",4.820031232311
"QUICHAYA","Indigenas","No gain",4081.56910809972
"QUICHAYA","Indigenas","Gain",0.999950971586537
"LANAS","Indigenas","No gain",7631.01828871042
"PALMAR IMBI","Indigenas","No gain",7450.64247167244
"PALMAR IMBI","Indigenas","Gain",0.0771599555894455
"ACO VIEJO PATIO BONITO","Indigenas","No gain",396.304260963035
"ACO VIEJO PATIO BONITO","Indigenas","Gain",2.99880989087279
"TAMA - PAEZ LA GABRIELA","Indigenas","No gain",583.961470011925
"TAMA - PAEZ LA GABRIELA","Indigenas","Gain",0.616155600118095
"WASIRUMA","Indigenas","No gain",54.6705481099146
"WASIRUMA","Indigenas","Gain",0.230353433047393
"LA PURIA","Indigenas","No gain",4109.95616581671
"AMBALÓ","Indigenas","No gain",2840.42235102954
"AMBALÓ","Indigenas","Gain",0.30889264869007
"NUSIDO","Indigenas","No gain",277.226244179579
"VELU CENTRO","Indigenas","No gain",88.8822693824957
"CUASCUABI-PALDUBI","Indigenas","No gain",599.831213600957
"CUASCUABI-PALDUBI","Indigenas","Gain",0.387838622527452
"LA ALBANIA","Indigenas","No gain",154.21672716287
"LA PAILA-NAYA","Indigenas","No gain",357.27058829167
"LA PAILA-NAYA","Indigenas","Gain",15.4699242237453
"CIBARIZA","Indigenas","No gain",35697.410014081
"CIBARIZA","Indigenas","Gain",3.44387133079138
"ABEJERO","Indigenas","No gain",239.149716986453
"NARIKIZAVI","Indigenas","No gain",296.20897482087
"LA GAITANA","Indigenas","No gain",127.148890931314
"CHUSCAL Y TUGURIDOCITO","Indigenas","No gain",4826.31151501152
"SIMORNA","Indigenas","No gain",13535.7395199906
"SIMORNA","Indigenas","Gain",25.6358703030125
"ALTOMIRA","Indigenas","No gain",38.491911332103
"REFUGIO EL SOL","Indigenas","No gain",584.698981630611
"REFUGIO EL SOL","Indigenas","Gain",0.231228176231457
"GITO DOCABU","Indigenas","No gain",2517.90530531289
"LOS PLANES","Indigenas","No gain",2138.1974705032
"LOS PLANES","Indigenas","Gain",0.15394898628434
"BERNARDINO PANCHI","Indigenas","No gain",23.3105799633492
"MUISCA DE FONQUETÁ Y CERCA DE PIEDRA","Indigenas","No gain",214.338160463811
"MUISCA DE FONQUETÁ Y CERCA DE PIEDRA","Indigenas","Gain",0.306525792583212
"EL PORTAL","Indigenas","No gain",236.020080159751
"EL PORTAL","Indigenas","Gain",0.385653725751227
"LA FLECHA ALTOZANO","Indigenas","No gain",256.829430801778
"SAN MIGUEL","Indigenas","No gain",198.844489875284
"SAN MIGUEL","Indigenas","Gain",1.53192981413932
"SAN JOAQUIN","Indigenas","No gain",148.982677612715
"ISHU AWA","Indigenas","No gain",6119.22059860588
"ISHU AWA","Indigenas","Gain",3.00003272631497
"GUALCALA","Indigenas","No gain",17230.8829608023
"GUALCALA","Indigenas","Gain",0.385687172043977
"Nunalbi Alto Ulbi","Indigenas","No gain",9777.02786535489
"SABALETA","Indigenas","No gain",711.593393523515
"EL CHARCÓN","Indigenas","No gain",152.066964850178
"CAICEDONIA","Indigenas","No gain",1130.22475202988
"CAICEDONIA","Indigenas","Gain",2.86093697920953
"DACHI DRUA CHAMÍ","Indigenas","No gain",63.7539486268165
"NATACOY PIJAO","Indigenas","No gain",229.085464268347
"YABERARADÓ","Indigenas","No gain",12003.2569534758
"YABERARADÓ","Indigenas","Gain",10.1682346391274
"PALERMO","Indigenas","No gain",140.896592493865
"PALETARÁ","Indigenas","No gain",5948.84355988876
"PALETARÁ","Indigenas","Gain",2.85582774403337
"ALTO CARTAGENA","Indigenas","No gain",4797.78909375821
"TORTUGAÑA, TELEMBI, PUNDE, PITADERO, BRAVO, TRONQUERIA Y ZABALETA","Indigenas","No gain",19671.4898470286
"TORTUGAÑA, TELEMBI, PUNDE, PITADERO, BRAVO, TRONQUERIA Y ZABALETA","Indigenas","Gain",0.541162528754624
"RECINTO PALMAROSA","Indigenas","No gain",399.448887423557
"RECINTO PALMAROSA","Indigenas","Gain",0.0768614368719564
"RINCÓN VELÚ","Indigenas","No gain",94.775435819035
"RINCÓN VELÚ","Indigenas","Gain",0.229851501582138
"PIEDRA SAGRADA LA GRAN FAMILIA DE LOS PASTOS","Indigenas","No gain",141.075663951395
"CAMPO ALEGRE","Indigenas","No gain",221.220265960281
"PICKWE IKH","Indigenas","No gain",400.5859833892
"GUADUAL, CUMBAS, MAGÜI, INVINA Y ARRAYÁN","Indigenas","No gain",5251.79783336875
"HONDA RÍO GUIZA","Indigenas","No gain",327.876828291287
"GABARRA-CATALAURA","Indigenas","No gain",13386.2339018251
"GABARRA-CATALAURA","Indigenas","Gain",10.8458726526737
"KAMÉNTSÁ BIYA DE SIBUNDOY","Indigenas","No gain",43014.2887051139
"KAMÉNTSÁ BIYA DE SIBUNDOY","Indigenas","Gain",16.267825242653
"CUAMBI-YASLAMBI","Indigenas","No gain",2609.90061443193
"CAÑÓN DEL RÍO SANQUININI","Indigenas","No gain",2812.40914697115
"CAÑÓN DEL RÍO SANQUININI","Indigenas","Gain",0.0770375310754416
"PIPALTA-PALBI-YAGUAPI","Indigenas","No gain",2638.97518611861
"PIPALTA-PALBI-YAGUAPI","Indigenas","Gain",0.154610843724909
"BAJO CÁCERES","Indigenas","No gain",127.304862510799
"BAJO CÁCERES","Indigenas","Gain",0.230764101228034
"SANTA MARTA","Indigenas","No gain",450.211124793717
"CORINTO LÓPEZ ADENTRO","Indigenas","No gain",3016.56821742776
"CORINTO LÓPEZ ADENTRO","Indigenas","Gain",1.84975694877913
"RINCÓN BODEGA","Indigenas","No gain",103.26627534098
"RINCÓN BODEGA","Indigenas","Gain",0.076607029184703
"INGA DE APONTE","Indigenas","No gain",22111.7508841525
"INGA DE APONTE","Indigenas","Gain",13.3147824774426
"ONDAS DEL CAFRE","Indigenas","No gain",3836.55124682511
"ONDAS DEL CAFRE","Indigenas","Gain",1.07789920641283
"MUSSE UKWE","Indigenas","No gain",392.486810530741
"LA MARÍA","Indigenas","No gain",174.097597045416
"KARABIDRUA","Indigenas","No gain",52.5762722117662
"LA TUTIRA BONANZA","Indigenas","No gain",400.736242048383
"LA TUTIRA BONANZA","Indigenas","Gain",0.229999756293313
"BATEAS","Indigenas","No gain",180.763023588895
"BATEAS","Indigenas","Gain",0.0767897296469392
"CHENCHE BUENAVISTA","Indigenas","No gain",199.718517763525
"CHENCHE BUENAVISTA","Indigenas","Gain",0.383778858115921
"AWÁ ÑAMBL PIEDRA VERDE","Indigenas","No gain",7502.61413953817
"AWÁ ÑAMBL PIEDRA VERDE","Indigenas","Gain",0.0774119785750652
"LA FLORIDA","Indigenas","No gain",8618.59882333417
"LA FLORIDA","Indigenas","Gain",0.309434394210057
"ALTO ORITO","Indigenas","No gain",12413.4721901881
"ALTO ORITO","Indigenas","Gain",4.46960211461664
"EL 18","Indigenas","No gain",951.98556111311
"EL 18","Indigenas","Gain",0.153372895297746
"NULPE MEDIO-ALTO Y RÍO SAN JUAN","Indigenas","No gain",38274.5530078252
"NULPE MEDIO-ALTO Y RÍO SAN JUAN","Indigenas","Gain",0.695927676154089
"CHIMBORAZO","Indigenas","No gain",2185.34606655183
"CHIMBORAZO","Indigenas","Gain",5.24396684753773
"POCHARCO","Indigenas","No gain",132.14160441091
"POCHARCO","Indigenas","Gain",2.30078243315572
"CUALQUER INTEGRADO LA MILAGROSA","Indigenas","No gain",4258.91872407774
"CUALQUER INTEGRADO LA MILAGROSA","Indigenas","Gain",0.154754409406724
"INGA DE COLON","Indigenas","No gain",1584.78181983648
"INGA DE COLON","Indigenas","Gain",0.385235504846243
"DRUA DO (PORTALES DEL RÍO)","Indigenas","No gain",93.4136287315125
"CHAQUIRA","Indigenas","No gain",570.715432073952
"CHAQUIRA","Indigenas","Gain",0.537469127474461
"LOMA DE CITABARA","Indigenas","No gain",305.323727696663
"TAGUAL-LA PO","Indigenas","No gain",1873.37316399791
"TAGUAL-LA PO","Indigenas","Gain",0.381853478189545
"WITACK KIWE","Indigenas","No gain",84.0529346442531
"CHENCHE MEDIA LUNA","Indigenas","No gain",218.690832542845
"CHENCHE MEDIA LUNA","Indigenas","Gain",0.308015257102599
"SAN ANTONIO DE CALARMA","Indigenas","No gain",307.385394555795
"SAN ANTONIO DE CALARMA","Indigenas","Gain",0.153885053594891
"SAN AGUSTIN","Indigenas","No gain",229.585083580891
"LOS ÁNGELES","Indigenas","No gain",389.26745933553
"LOS ÁNGELES","Indigenas","Gain",0.84389870963556
"RESGUARDO INDIGENA SAN LORENZO","Indigenas","No gain",6381.6174426333
"RESGUARDO INDIGENA SAN LORENZO","Indigenas","Gain",1.14979954643676
"SAN DIEGO","Indigenas","No gain",30.4258729399507
"SAN DIEGO","Indigenas","Gain",0.0768330124746229
"PIALAPI-PUEBLO VIEJO-SAN MIGUEL-YARE","Indigenas","No gain",3349.37682858714
"VUELTA DEL RÍO","Indigenas","No gain",97.5449377514532
"VUELTA DEL RÍO","Indigenas","Gain",0.306745087268721
"CHENCHE AMAYARCO","Indigenas","No gain",540.828367504821
"CHENCHE AMAYARCO","Indigenas","Gain",0.153994409881783
"PACANDE","Indigenas","No gain",106.984645743162
"PACANDE","Indigenas","Gain",0.0767465177497578
"LA MIRLA","Indigenas","No gain",43.2648101863108
"TAMA DEL CAGUAN","Indigenas","No gain",993.273552639326
"TAMA DEL CAGUAN","Indigenas","Gain",3.3753503487898
"TUMBURAO","Indigenas","No gain",773.649223622728
"TUMBURAO","Indigenas","Gain",0.153410514301552
"Pueblo Nuevo","Indigenas","No gain",161.983519640578
"Pueblo Nuevo","Indigenas","Gain",1.38447452684255
"CAMPOALEGRE","Indigenas","No gain",36.6216517901078
"SAN FRANCISCO","Indigenas","No gain",17764.64139743
"SAN FRANCISCO","Indigenas","Gain",4.24764165695886
"DIAMANTE","Indigenas","No gain",225.478272249974
"DIAMANTE","Indigenas","Gain",2.30943945629881
"ESCOPETERA - PIRZA","Indigenas","No gain",521.499687630674
"PINGULLO-SARDINERO","Indigenas","No gain",12175.658681425
"CUASBIL-LA FALDADA","Indigenas","No gain",1200.46361466123
"NASA THA","Indigenas","No gain",197.831713229534
"NASA THA","Indigenas","Gain",1.69086934384217
"ALTO SINU, ESMERALDA CRUZ GRANDE E IWAGADO","Indigenas","No gain",117183.919226131
"ALTO SINU, ESMERALDA CRUZ GRANDE E IWAGADO","Indigenas","Gain",25.6126679081034
"PLANADAS TELEMBÍ","Indigenas","No gain",3187.40821650282
"PLANADAS TELEMBÍ","Indigenas","Gain",0.0770109984900051
"POLINDARA","Indigenas","No gain",2256.42742306318
"POLINDARA","Indigenas","Gain",7.49617987660553
"IMBA","Indigenas","No gain",625.670775531591
"SOCORPA","Indigenas","No gain",31720.0808295831
"SOCORPA","Indigenas","Gain",5.30429798514307
"LAGUNA TRANQUILA","Indigenas","No gain",15867.3677363161
"LAGUNA TRANQUILA","Indigenas","Gain",1.53080867856041
"CASTILLA - ANGOSTURAS","Indigenas","No gain",431.892317793682
"CASTILLA - ANGOSTURAS","Indigenas","Gain",0.996203004137308
"TUMBICHUCUE","Indigenas","No gain",4662.83423356311
"TUMBICHUCUE","Indigenas","Gain",1.00173263214437
"CANOAS","Indigenas","No gain",1073.78212189076
"CANOAS","Indigenas","Gain",0.153561976673688
"EL SANDE","Indigenas","No gain",8855.28381934104
"EL SANDE","Indigenas","Gain",0.462763277266241
"EL DOCE O QUEBRADA BORBOLLÓN","Indigenas","No gain",1266.21286601977
"TOTARCO DINDE-INDEPENDIENTE","Indigenas","No gain",204.64062721314
"SANANDOCITO","Indigenas","No gain",7862.81416419227
"SANANDOCITO","Indigenas","Gain",7.13448316262299
"LA DELFINA","Indigenas","No gain",806.333425803195
"GUAIPA UNO","Indigenas","No gain",739.396840035421
"GUAIPA UNO","Indigenas","Gain",0.307249881585465
"NATARROCO","Indigenas","No gain",307.956645818649
"NATARROCO","Indigenas","Gain",0.461358270889361
"TRIUNFO CRISTAL","Indigenas","No gain",5975.35424334918
"TRIUNFO CRISTAL","Indigenas","Gain",2.54109833928946
"MUELLAMUEZ","Indigenas","No gain",80.4195281922741
"MUELLAMUEZ","Indigenas","Gain",0.232650515503204
"CHENCHE BUENOS AIRES TRADICIONAL","Indigenas","No gain",242.42325896776
"CHENCHE BUENOS AIRES TRADICIONAL","Indigenas","Gain",0.769353408339447
"POTRERITO","Indigenas","No gain",544.629942486294
"POTRERITO","Indigenas","Gain",0.689017357657667
"SAN MIGUEL","Indigenas","No gain",440.589341978541
"YURAYACO","Indigenas","No gain",764.509911807311
"YURAYACO","Indigenas","Gain",0.997754126442631
"FLOR DEL MONTE","Indigenas","No gain",22.4604883633483
"MESAS DE SAN JUAN","Indigenas","No gain",59.6653683725783
"ANDAGUEDA","Indigenas","No gain",56643.6503873299
"ANDAGUEDA","Indigenas","Gain",2.14722240613512
"LA ESPERANZA","Indigenas","No gain",889.718736328355
"LA ESPERANZA","Indigenas","Gain",0.0771521623593787
"ANGOSTURAS","Indigenas","No gain",3352.12322403364
"ANGOSTURAS","Indigenas","Gain",0.0765552155670323
"TINAJAS","Indigenas","No gain",2495.46231456914
"TINAJAS","Indigenas","Gain",0.153562186675434
"AMPARRADO ALTO Y MEDIO Y QUEBRADA CHONTADURO","Indigenas","No gain",17969.5635598833
"AMPARRADO ALTO Y MEDIO Y QUEBRADA CHONTADURO","Indigenas","Gain",1.30143775755672
"POBLAZON","Indigenas","No gain",2528.69709514237
"POBLAZON","Indigenas","Gain",2.38817968405476
"LAS MERCEDES","Indigenas","No gain",429.371168919866
"LAS MERCEDES","Indigenas","Gain",0.614594623610472
"UNIFICADO CHAMÍ DEL RÍO SAN JUAN","Indigenas","No gain",26421.8273746531
"UNIFICADO CHAMÍ DEL RÍO SAN JUAN","Indigenas","Gain",0.153299318408589
"BACHE","Indigenas","No gain",221.207620461826
"BACHE","Indigenas","Gain",0.154151651889774
"MENCHE SAN CAYETANO","Indigenas","No gain",144.869063091473
"LA NUEVA ESPERANZA","Indigenas","No gain",76.7836204554039
"LA NUEVA ESPERANZA","Indigenas","Gain",0.153874990892593
"LA SORTIJA","Indigenas","No gain",204.091250619562
"LA SORTIJA","Indigenas","Gain",0.307829940602658
"EL TAMBO","Indigenas","No gain",710.782636422385
"EL TAMBO","Indigenas","Gain",4.8378679877496
"BLASIAKU","Indigenas","No gain",70.4890191596318
"BLASIAKU","Indigenas","Gain",0.385607325818555
"TOTARCO TAMARINDO","Indigenas","No gain",212.053907858419
"CHIMURRO Y NENDÓ","Indigenas","No gain",13483.7193449337
"CHIMURRO Y NENDÓ","Indigenas","Gain",0.153038003165852
"JAMBALÓ","Indigenas","No gain",5886.70461684757
"JAMBALÓ","Indigenas","Gain",2.22501705947969
"ZANJA HONDA","Indigenas","No gain",255.330912124377
"PALMA ALTA","Indigenas","No gain",195.629457331673
"PALMA ALTA","Indigenas","Gain",0.384038981805404
"RÍO MUMBU","Indigenas","No gain",3405.04827207896
"BELTRAN","Indigenas","No gain",238.354098511294
"CHAQUENODA","Indigenas","No gain",15409.5634044294
"CHAQUENODA","Indigenas","Gain",0.15309972036333
"CXAYU'CE FIW","Indigenas","No gain",273.024272702647
"PURACÉ","Indigenas","No gain",2132.55070360787
"PURACÉ","Indigenas","Gain",0.307882870657311
"GUAMBÍA","Indigenas","No gain",18016.5575408454
"GUAMBÍA","Indigenas","Gain",1.92571822501276
"GUADUALITO","Indigenas","No gain",1120.50727972087
"FLORAL TRADICIONAL","Indigenas","No gain",118.908098499654
"SAN JOSÉ","Indigenas","No gain",2846.29978223109
"SAN JOSÉ","Indigenas","Gain",0.232123616231536
"LA GAITANA","Indigenas","No gain",9033.54101471819
"LA GAITANA","Indigenas","Gain",2.15893912044409
"EL ROSARÍO, BELLAVISTA Y YUKATÁN","Indigenas","No gain",148.031495678646
"PASTO DE ILES","Indigenas","No gain",115.094873788411
"GUAIPA CENTRO","Indigenas","No gain",159.942614453276
"GUAIPA CENTRO","Indigenas","Gain",0.843013300903706
"JUAN TAMA","Indigenas","No gain",995.797240491947
"JUAN TAMA","Indigenas","Gain",0.843895966518599
"AGUA NEGRA","Indigenas","No gain",1287.16252613237
"AGUA NEGRA","Indigenas","Gain",2.3899160463646
"DACHÍ AGORE DRUA","Indigenas","No gain",150.621358974482
"DACHÍ AGORE DRUA","Indigenas","Gain",0.153460375929171
"SANTA MARTA DIAMANTE","Indigenas","No gain",187.206087641516
"TOTORÓ","Indigenas","No gain",806.34649042824
"TOTORÓ","Indigenas","Gain",0.386736925864863
"QUINTANA","Indigenas","No gain",687.460502916099
"QUINTANA","Indigenas","Gain",0.153777094937054
"HILARQUITO","Indigenas","No gain",125.168473824686
"HILARQUITO","Indigenas","Gain",0.0768848119316253
"VANIA CHAMÍ DE ARGELIA","Indigenas","No gain",98.902042907889
"VANIA CHAMÍ DE ARGELIA","Indigenas","Gain",0.846632273919673
"CUMBAL","Indigenas","No gain",331.157781378389
"CUMBAL","Indigenas","Gain",0.540602721466586
"VILLA LUCIA","Indigenas","No gain",2709.48782752267
"VILLA LUCIA","Indigenas","Gain",0.230535848508693
"SEVER","Indigenas","No gain",10376.3935266143
"SEVER","Indigenas","Gain",0.152896442619804
"GUASIMAL","Indigenas","No gain",79.5211428451936
"GUASIMAL","Indigenas","Gain",0.230718983109846
"TARENA","Indigenas","No gain",5148.43787176161
"TARENA","Indigenas","Gain",0.383633468335913
"NUEVO AMANECER - LA MESETA","Indigenas","No gain",343.348014155919
"NUEVO AMANECER - LA MESETA","Indigenas","Gain",0.846822456438366
"INGA DE SAN ANDRÉS","Indigenas","No gain",13549.7477644821
"INGA DE SAN ANDRÉS","Indigenas","Gain",8.49204196869216
"HUELLAS","Indigenas","No gain",5697.64417797309
"HUELLAS","Indigenas","Gain",4.60794256127438
"RUMIYACO","Indigenas","No gain",4168.77197485428
"RUMIYACO","Indigenas","Gain",30.5080827683444
"LA CERINDA","Indigenas","No gain",59.7576393003783
"LOS NIASA","Indigenas","No gain",41.4527295372512
"LOS NIASA","Indigenas","Gain",0.153813467670691
"GUATAVITA TÚA","Indigenas","No gain",653.811291772096
"GUATAVITA TÚA","Indigenas","Gain",0.153856051717166
"LA TATACOA","Indigenas","No gain",313.932511372636
"LA TATACOA","Indigenas","Gain",0.536767850417306
"ALTAMIRA","Indigenas","No gain",10822.1564180402
"ALTAMIRA","Indigenas","Gain",0.230288045666259
"NICOLÁS RAMÍREZ","Indigenas","No gain",407.144493709604
"NICOLÁS RAMÍREZ","Indigenas","Gain",0.614094258988845
"CHALUAYACO","Indigenas","No gain",556.772689400821
"CHALUAYACO","Indigenas","Gain",0.231634734184227
"GUACHICONO","Indigenas","No gain",1512.66419903731
"GUACHICONO","Indigenas","Gain",0.154282645625713
"RÍO GARRAPATAS","Indigenas","No gain",14489.6591057066
"RÍO GARRAPATAS","Indigenas","Gain",1.46206291627328
"KWET WALA (PIEDRA GRANDE)","Indigenas","No gain",941.777180751709
"KWET WALA (PIEDRA GRANDE)","Indigenas","Gain",1.07246466003936
"OLIRCO","Indigenas","No gain",250.642457940034
"BELLA VISTA","Indigenas","No gain",984.846907057161
"BELLA VISTA","Indigenas","Gain",0.077358173517961
"PASO ANCHO-CHICUAMBE","Indigenas","No gain",829.742779849588
"PASO ANCHO-CHICUAMBE","Indigenas","Gain",0.76813810391556
"NASA UH","Indigenas","No gain",3834.55400564148
"NASA UH","Indigenas","Gain",4.16346797572364
"NUEVA ESPERANZA","Indigenas","No gain",433.389779127656
"UNIDO UWA","Indigenas","No gain",224291.489008086
"UNIDO UWA","Indigenas","Gain",42.9181817769072
"INGA DE CONDAGUA","Indigenas","No gain",2598.53443225251
"INGA DE CONDAGUA","Indigenas","Gain",0.0773442400289463
"GUELNAMBI-CARAÑO","Indigenas","No gain",2523.20654702029
"JENATURADÓ","Indigenas","No gain",614.178702108105
"CALDERAS","Indigenas","No gain",1345.13810967866
"CALDERAS","Indigenas","Gain",0.0767597643048768
"CHENCHE BUENOS AIRES INDEPENDIENTE","Indigenas","No gain",215.073070703234
"CHENCHE BUENOS AIRES INDEPENDIENTE","Indigenas","Gain",0.769492202873823
"MENKUE-MISAYA Y LA PISTA","Indigenas","No gain",403.907106309675
"ANABA","Indigenas","No gain",12.5063796268647
"TOTARCO PIEDRAS","Indigenas","No gain",497.14572768311
"TOTARCO PIEDRAS","Indigenas","Gain",0.230160059112551
"BALSILLAS","Indigenas","No gain",151.318968668664
"BALSILLAS","Indigenas","Gain",0.537408818204288
"CAÑAVERALES-ANTADO","Indigenas","No gain",5071.50196008032
"CAÑAVERALES-ANTADO","Indigenas","Gain",0.0765417302073761
"QUEBRADA CAÑAVERAL","Indigenas","No gain",2673.67510884514
"QUEBRADA CAÑAVERAL","Indigenas","Gain",0.458475297315543
"CHAPARRAL Y BARRONEGRO","Indigenas","No gain",16643.4629090202
"CHAPARRAL Y BARRONEGRO","Indigenas","Gain",2.98753177390038
"HONDURAS","Indigenas","No gain",1037.65003139487
"HONDURAS","Indigenas","Gain",0.461553872664333
"WANCHIRADO","Indigenas","No gain",10858.335601096
"SAN PABLO EL PARÁ","Indigenas","No gain",637.073497361396
"TOTARCO DINDE TRADICIONAL","Indigenas","No gain",48.322811734035
"BANDERAS DEL RECAIBO","Indigenas","No gain",540.375304615952
"DACHI DRUA MUNDI","Indigenas","No gain",70.591215363029
"LA LAGUNA-EL COSO-CINCO CAMINOS","Indigenas","No gain",175.17906740566
"KOKONUCO","Indigenas","No gain",9272.65471666421
"KOKONUCO","Indigenas","Gain",0.538960110739162
"PAEZ DE GAITANÍA","Indigenas","No gain",4964.64262326127
"PAEZ DE GAITANÍA","Indigenas","Gain",0.922438824481462
"LA REFORMA","Indigenas","No gain",164.136119569832
"LA REFORMA","Indigenas","Gain",0.691584773468391
"LA ESTACIÓN TÁLAGA","Indigenas","No gain",447.162688918599
"LA ESTACIÓN TÁLAGA","Indigenas","Gain",0.231850685578257
"KARABIJUA","Indigenas","No gain",16.6181417054288
"KITEK KIWE","Indigenas","No gain",48.3604967697152
"LAGUNA PEJENDINO","Indigenas","No gain",16.1342534122104
"NANURCO","Indigenas","No gain",106.086791525486
"HERMEREGILDO CHAKIAMA","Indigenas","No gain",126.095407851566
"HERMEREGILDO CHAKIAMA","Indigenas","Gain",0.230101109218187
"LA CILIA O LA CALERA","Indigenas","No gain",49.5723267015138
"GUARAPAMBA","Indigenas","No gain",59.0118862436163
"LOMAS DE GUAGUARCO","Indigenas","No gain",162.094168903721
"EL MORAL","Indigenas","No gain",49.8681141425179
"INGA DE MOCOA","Indigenas","No gain",134.353886952567
"MUISCA DE COTA","Indigenas","No gain",418.381537492101
"MUISCA DE COTA","Indigenas","Gain",0.0765985971241489
"CHENCHE ZARAGOZA","Indigenas","No gain",76.1979270575084
"ANCORE DRUA","Indigenas","No gain",22.0443720184342
"CHENCHE ANGOSTURA","Indigenas","No gain",45.4861141365795
"DAI UMADAMIA","Indigenas","No gain",121.723912863784
"EL ROSAL (YANACONA)","Indigenas","No gain",172.970504806906
"SAN JOSE DE ISNOS","Indigenas","No gain",118.617677932962
"SAN JOSE DE ISNOS","Indigenas","Gain",0.153550392146229
"CERRO TIJERAS","Indigenas","No gain",397.346394160744
"CERRO TIJERAS","Indigenas","Gain",2.62376721721991
"EL PEÑON","Indigenas","No gain",212.379257903835
"EL PEÑON","Indigenas","Gain",0.153453221028783
"MISAK PISCITAU","Indigenas","No gain",76.7072066819435
"EL OSO","Indigenas","No gain",33.7202873656022
"BIDUKAR MECENIA","Indigenas","No gain",24.7104606374809
"Mandiyaco","Indigenas","No gain",1605.12840781283
"Mandiyaco","Indigenas","Gain",0.154220638721448
"Huila","Indigenas","No gain",1986.60924089328
"Huila","Indigenas","Gain",0.0768365593074176
"UKUMARI KANKHE","Indigenas","No gain",19655.7462810933
"UKUMARI KANKHE","Indigenas","Gain",3.93155012015247
"CHAGUI CHIMBUZA VEGAS Y OTROS","Indigenas","No gain",3565.25488980837
"CHAGUI CHIMBUZA VEGAS Y OTROS","Indigenas","Gain",0.230765813057997
"CHICUAMBE LAS BRISAS","Indigenas","No gain",484.21073941044
"CHICUAMBE LAS BRISAS","Indigenas","Gain",0.689540609919931
"PUEBLO NUEVO EL CERAL","Indigenas","No gain",48.7536657270802
"SAN JUAN","Indigenas","No gain",242.743557565234
"RESGUARDO INDÍGENA CHIMBAGAL Y TAJA","Indigenas","No gain",412.07718630837
"NASA KIWE TEKH KSXAW","Indigenas","No gain",73.929954266635
"MONZHOMANDO","Indigenas","No gain",201.404871546733
"NAVERA DRUA","Indigenas","No gain",338.530437224961
"Embera Chami Cacique Queragama","Indigenas","No gain",128.93383081714
"Yaporogos Taira","Indigenas","No gain",137.073864274126
"Yaporogos Taira","Indigenas","Gain",0.0765775778067745
"Inga de San pedro","Indigenas","No gain",2719.96503646368
"Inga de San pedro","Indigenas","Gain",0.231479819278632
"KUITUA","Indigenas","No gain",570.533819625823
"PAPALLAQTA","Indigenas","No gain",239.921080351534
"PAPALLAQTA","Indigenas","Gain",0.154538538068621
"SAN ANTONIO","Indigenas","No gain",181.958041161112
"SAN ANTONIO","Indigenas","Gain",0.230521167011543
"PUEBLO KOKONUCO","Indigenas","No gain",44.9215871878026
"LAS MERCEDES","Indigenas","No gain",167.673624052327
"Kizgo","Indigenas","No gain",4478.26737452964
"Kizgo","Indigenas","Gain",5.85374291328562
"Nuevo Horizonte (de Morales)","Indigenas","No gain",72.7403457677027
"Nukanchipa Alpa Amukunapa Wasi","Indigenas","No gain",31309.701775826
"Nukanchipa Alpa Amukunapa Wasi","Indigenas","Gain",1.23528249666053
"Inga de Santiago","Indigenas","No gain",6663.20218665259
"Inga de Santiago","Indigenas","Gain",8.37626330148466
"Las Delicias ( de Buenos Aires)","Indigenas","No gain",1799.68367971197
"Las Delicias ( de Buenos Aires)","Indigenas","Gain",0.230689242827547
"La Concepcion","Indigenas","No gain",917.827976777144
"PAEZ DE TOEZ","Indigenas","No gain",606.908098082965
"PAEZ DE TOEZ","Indigenas","Gain",9.52133149826514
"SURATENA","Indigenas","No gain",156.087567499122
"GUADUALITO","Indigenas","No gain",521.395499173358
"Comunidad Fiw Paez (Nueva Irlanda)","Indigenas","No gain",36.0934203982532
"Comunidad Fiw Paez (Nueva Irlanda)","Indigenas","Gain",0.925472317903927
"Totumal","Indigenas","No gain",136.533766651452
"Calara San Martin","Indigenas","No gain",127.981251518092
"Inti Yaku","Indigenas","No gain",26.3983619452374
"Cabildo San Miguel","Indigenas","No gain",342.834532014299
"Cabildo San Miguel","Indigenas","Gain",0.0771628476286967
"Embera Chami Tata Drua (Kipara el Laurel)","Indigenas","No gain",13.0002930590833
"Karamandu","Indigenas","No gain",157.57381037042
"Cabildo Intillagta ""Hijos del Sol""","Indigenas","No gain",100.011778926074
"BARZALOZA","Indigenas","No gain",90.6819112305589
"Embera Chami Doquera","Indigenas","No gain",161.122261736565
"Gran Tescual","Indigenas","No gain",10377.8119257216
"Gran Tescual","Indigenas","Gain",3.79108044463269
"Raices de Oriente","Indigenas","No gain",153.633654900885
"Frontino","Indigenas","No gain",45.1026344170316
"Cabildo El Aguila","Indigenas","No gain",427.801672193667
"Cabildo El Aguila","Indigenas","Gain",0.0771508876814548
"Puerta del Macizo","Indigenas","No gain",12.1829613458899
"Kwe´sx yu kiwe","Indigenas","No gain",2619.56973650435
"Kwe´sx yu kiwe","Indigenas","Gain",0.848756026555164
"LOS ALMENDROS","Indigenas","No gain",179.295711155283
"UNA'APUCHON","Indigenas","No gain",469.979994789538
"UNA'APUCHON","Indigenas","Gain",0.0755959457599386
"WOPUMUIN JUNAIN MAIKOU","Indigenas","No gain",841.939077540615
"ALTO SAN JORGE","Indigenas","No gain",1011.04711629557
"ALTO SAN JORGE","Indigenas","Gain",0.841137367966364
"EL ZAHINO GUAYABITO MURIAYTUY","Indigenas","No gain",1178.86539456739
"EL ZAHINO GUAYABITO MURIAYTUY","Indigenas","Gain",4.46081697533837
"CUATRO DE NOVIEMBRE","Indigenas","No gain",565.255849778624
"CUATRO DE NOVIEMBRE","Indigenas","Gain",6.1424568886625
"CHIMILAS O CACAHUEROS DE SAN ANGEL","Indigenas","No gain",1177.43520121082
"CHIMILAS O CACAHUEROS DE SAN ANGEL","Indigenas","Gain",7.63782628916458
"POTRERITO","Indigenas","No gain",90.8610618626442
"POTRERITO","Indigenas","Gain",0.0752784273924144
"ALTA Y MEDIA GUAJIRA","Indigenas","No gain",1082481.34337478
"ALTA Y MEDIA GUAJIRA","Indigenas","Gain",479.68546591562
"ZENU DE EL VOLAO","Indigenas","No gain",321.436830539075
"ZENU DE EL VOLAO","Indigenas","Gain",1.59767418729481
"PERRATPU","Indigenas","No gain",132.823258028962
"PERRATPU","Indigenas","Gain",0.378629583890997
"SAN FRANCISCO","Indigenas","No gain",56.4739196996872
"LOMAMATO","Indigenas","No gain",2333.22598808116
"LOMAMATO","Indigenas","Gain",9.32259604125465
"SAN ANDRES DE SOTAVENTO","Indigenas","No gain",10163.7827329175
"SAN ANDRES DE SOTAVENTO","Indigenas","Gain",27.3534514289901
"VEGAS DE SEGOVIA","Indigenas","No gain",1080.53521224028
"VEGAS DE SEGOVIA","Indigenas","Gain",0.45801563217532
"CAIMÁN NUEVO","Indigenas","No gain",8158.28004256138
"CAIMÁN NUEVO","Indigenas","Gain",8.99992563008688
"RODEITO EL POZO","Indigenas","No gain",118.820926029721
"OKOCHI","Indigenas","No gain",257.44621398412
"OKOCHI","Indigenas","Gain",0.301812677589824
"PROVINCIAL","Indigenas","No gain",528.548206003526
"DOKERAZAVI","Indigenas","No gain",736.005655549839
"DOKERAZAVI","Indigenas","Gain",1.67811425247139
"LAS PLAYAS","Indigenas","No gain",231.906917405925
"LAS PLAYAS","Indigenas","Gain",0.229308092359187
"KOGUI-MALAYO ARHUACO","Indigenas","No gain",406260.192461597
"KOGUI-MALAYO ARHUACO","Indigenas","Gain",144.056862994604
"CERRODEO","Indigenas","No gain",1491.77528200876
"CERRODEO","Indigenas","Gain",0.0754374352469665
"LA PALMA","Indigenas","No gain",127.685018346503
"PABLO MUERA","Indigenas","No gain",2150.16100713179
"PABLO MUERA","Indigenas","Gain",1.29794535619773
"ARHUACO DE LA SIERRA NEVADA","Indigenas","No gain",202435.002579369
"ARHUACO DE LA SIERRA NEVADA","Indigenas","Gain",8.58102358133322
"EL SOLDADO PARATE BIEN","Indigenas","No gain",601.060941718272
"EL SOLDADO PARATE BIEN","Indigenas","Gain",1.50679604341507
"CANIME","Indigenas","No gain",29.4168097032986
"LAS DELICIAS","Indigenas","No gain",200.182845549402
"MONTE HARMON","Indigenas","No gain",44.8451095374797
"CERRO DE HATONUEVO","Indigenas","No gain",196.121285625541
"BUSINCHAMA","Indigenas","No gain",140.764707545423
"TRUPIOGACHO Y LA MESETA","Indigenas","No gain",2264.97244030395
"ALTOS DEL TIGRE","Indigenas","No gain",85.6773791720603
"LOS ALMENDROS","Indigenas","No gain",29.3064240637758
"LOS ALMENDROS","Indigenas","Gain",0.152241163967666
"NUEVO ESPINAL","Indigenas","No gain",454.138711292745
"SOHIBADO","Indigenas","No gain",124.135643969639
"POLINES","Indigenas","No gain",3502.32900362955
"POLINES","Indigenas","Gain",5.73175079148591
"ALBERTO PUSHAINA","Indigenas","No gain",252.236458286594
"ALBERTO PUSHAINA","Indigenas","Gain",0.602535582649374
"CARUPIA (EMBERA CHAMI)","Indigenas","No gain",41.9868123181315
"RESGUARDO INDIGENA EL NOVENTA","Indigenas","No gain",193.582716727577
"RESGUARDO INDIGENA EL NOVENTA","Indigenas","Gain",0.152487370403763
"PUERTO BELGICA","Indigenas","No gain",53.60968610822
"LA LUCHA DE LOS PUEBLOS ZENU","Indigenas","No gain",95.1599025626494
"Kankuamo","Indigenas","No gain",24803.8455790566
"Kankuamo","Indigenas","Gain",10.9772632790656
"CAICEMAPA","Indigenas","No gain",548.551032731692
"CAICEMAPA","Indigenas","Gain",0.0758295594044363
"MAYABANGLOMA","Indigenas","No gain",1505.61288119837
"MAYABANGLOMA","Indigenas","Gain",0.609035902795517
"MAÑATURE","Indigenas","No gain",634.085315353941
"MAÑATURE","Indigenas","Gain",25.8978849055416
"San Antonio 2","Indigenas","No gain",69.3831757253274
"Tamaquito II","Indigenas","No gain",295.90839481357
"Tamaquito II","Indigenas","Gain",21.4833442104259
"Korodo-Ite","Indigenas","No gain",82.9667542671163
"Korodo-Ite","Indigenas","Gain",0.229189928914686
"Omaga","Indigenas","No gain",32.1168992156842
"Zince La 18","Indigenas","No gain",18.0240367410911
"Zince La 18","Indigenas","Gain",0.0763730370385217
"CAÑA BRAVA","Indigenas","No gain",98.4341309825208
"CAÑA BRAVA","Indigenas","Gain",0.301713811440677
"Leonardo Jose Campanario","Indigenas","No gain",51.4600079574719
"Sumain Wayuú Uuliana","Indigenas","No gain",93.3973586701272
"Ittitake Etteennaka, Chimila","Indigenas","No gain",184.15591496433
"Resguardo Dochama - Alto uré","Indigenas","No gain",549.284402222762
"Resguardo Dochama - Alto uré","Indigenas","Gain",0.152536629331509
"La Sardina","Indigenas","No gain",27.4006283003269
"La Sardina","Indigenas","Gain",0.15264973983469
"NAEXIL PUT","Indigenas","No gain",402.2113056065
"ROQUEROS","Indigenas","No gain",108.837682740432
"ROQUEROS","Indigenas","Gain",0.229776951598379
"CAÑO MOCHUELO","Indigenas","No gain",94075.413776082
"CAÑO MOCHUELO","Indigenas","Gain",9.14860510161861
"PLAYAS DE BOJABÁ","Indigenas","No gain",1323.28717919533
"PLAYAS DE BOJABÁ","Indigenas","Gain",0.305997729031179
"SIKUANI DE IWIWI","Indigenas","No gain",3018.70903046026
"SIKUANI DE IWIWI","Indigenas","Gain",0.0769117437504206
"EL TURPIAL LA VICTORIA (UMAPO)","Indigenas","No gain",4197.95874197575
"PIAROA DE CACHICAMO","Indigenas","No gain",16801.2917477419
"PIAROA DE CACHICAMO","Indigenas","Gain",1.78262220078821
"BAYONEROS","Indigenas","No gain",131.603301598721
"BAYONEROS","Indigenas","Gain",0.153027094882233
"LA ESPERANZA","Indigenas","No gain",74.1254374295778
"MACARIEROS","Indigenas","No gain",21.746546071032
"EL CONSEJO","Indigenas","No gain",4251.89577646088
"EL CONSEJO","Indigenas","Gain",0.614213907758885
"SAN JOSÉ DE LIPA O CAÑO COLORADO","Indigenas","No gain",4004.47673759086
"SAN JOSÉ DE LIPA O CAÑO COLORADO","Indigenas","Gain",2.98915904771649
"CAJAROS","Indigenas","No gain",238.189846911592
"CAJAROS","Indigenas","Gain",1.76153262989281
"WALIANI","Indigenas","No gain",4714.80403691395
"WALIANI","Indigenas","Gain",0.230887711769998
"CAÑO BACHACO","Indigenas","No gain",6448.49847301617
"CANANAMA","Indigenas","No gain",1958.67347010715
"LA PASCUA","Indigenas","No gain",19079.8671545428
"LA PASCUA","Indigenas","Gain",1.61678782940001
"GUACAMAYAS MAMIYARE","Indigenas","No gain",18953.8508437085
"GUACAMAYAS MAMIYARE","Indigenas","Gain",9.11209416032498
"JULIEROS Y VELASQUEROS","Indigenas","No gain",233.704703680242
"JULIEROS Y VELASQUEROS","Indigenas","Gain",0.766244930099153
"EGUA-GUARIACANA","Indigenas","No gain",15675.0110288861
"EGUA-GUARIACANA","Indigenas","Gain",5.1964362036336
"MAGUARE","Indigenas","No gain",50.8649597635954
"MAGUARE","Indigenas","Gain",0.153670573303914
"MATECANDELA","Indigenas","No gain",17.2424991882062
"MATECANDELA","Indigenas","Gain",0.229899989176082
"CUILOTO II","Indigenas","No gain",87.6303417057689
"LOS IGUANITOS","Indigenas","No gain",574.051494389712
"LOS IGUANITOS","Indigenas","Gain",4.82267557628375
"COROCITO, YOPALITO Y GUALABO","Indigenas","No gain",9960.75357398845
"COROCITO, YOPALITO Y GUALABO","Indigenas","Gain",3.91783648591665
"PARREROS","Indigenas","No gain",220.858423456776
"PARREROS","Indigenas","Gain",0.842678688180553
"EL SUSPIRO EL RINCÓN DEL SOCORRO","Indigenas","No gain",2026.55509411394
"CAÑO GUARIPA","Indigenas","No gain",8318.59950889726
"PUYEROS","Indigenas","No gain",37.5997972625722
"CAMPO ALEGRE Y RIPIALITO","Indigenas","No gain",7014.78691843489
"CAMPO ALEGRE Y RIPIALITO","Indigenas","Gain",0.230883745546257
"CHOLOLOBO MATATU","Indigenas","No gain",6473.92053318902
"CHOLOLOBO MATATU","Indigenas","Gain",0.692439061129017
"EL SALADILLO","Indigenas","No gain",1584.51181192091
"EL SALADILLO","Indigenas","Gain",0.0769143154177423
"SIKUANI DE AWÁLIBA","Indigenas","No gain",21005.1110668535
"SIKUANI DE AWÁLIBA","Indigenas","Gain",0.231161554350321
"MACUCUANA","Indigenas","No gain",6767.34825522416
"MACUCUANA","Indigenas","Gain",4.69249583468233
"LA ISLA","Indigenas","No gain",137.658856104362
"VENCEDOR-PIRIRI-GUAMITO Y MATANEGRA","Indigenas","No gain",39543.2119562407
"VENCEDOR-PIRIRI-GUAMITO Y MATANEGRA","Indigenas","Gain",0.769928347499605
"ANGOSTURAS","Indigenas","No gain",3352.12322403364
"ANGOSTURAS","Indigenas","Gain",0.0765552155670323
"MUCO MAYORAGUA","Indigenas","No gain",11085.209658164
"MUCO MAYORAGUA","Indigenas","Gain",2.46951942371484
"NUEVA ESPERANZA DEL TOMO","Indigenas","No gain",10127.4232918345
"NUEVA ESPERANZA DEL TOMO","Indigenas","Gain",0.925428180365924
"COROZAL TAPAOJO","Indigenas","No gain",8182.604917511
"COROZAL TAPAOJO","Indigenas","Gain",0.0766721474251888
"CAÑO CLARO","Indigenas","No gain",1664.85227796081
"CAÑO CLARO","Indigenas","Gain",1.07202335992325
"MEREY, LA VERAITA","Indigenas","No gain",3187.82990161245
"EL VIGÍA","Indigenas","No gain",448.667425507929
"EL VIGÍA","Indigenas","Gain",52.734878228414
"LA VORAGINE-LA ILUSION","Indigenas","No gain",864.968134390949
"LA VORAGINE-LA ILUSION","Indigenas","Gain",0.536485640681964
"GUACAMAYAS MAIPORE","Indigenas","No gain",17010.0296696515
"CAÑO LA HORMIGA","Indigenas","No gain",4234.89458923275
"LA SAL","Indigenas","No gain",3397.45424640323
"LA SAL","Indigenas","Gain",11.7217415437918
"EL ZAMURO","Indigenas","No gain",203.993692275245
"EL ZAMURO","Indigenas","Gain",4.44297189333991
"CAÑO OVEJAS (BETANIA COROCITO)","Indigenas","No gain",1799.3774748006
"CAÑO OVEJAS (BETANIA COROCITO)","Indigenas","Gain",0.61472519103236
"CAÑO MESETAS-DAGUA Y MURCIELAGO","Indigenas","No gain",83988.5417164085
"CAÑO MESETAS-DAGUA Y MURCIELAGO","Indigenas","Gain",3.79722711466774
"NAEXAL LAJT DEL PUEBLO JIW","Indigenas","No gain",1785.10685561468
"NAEXAL LAJT DEL PUEBLO JIW","Indigenas","Gain",1.07416384331667
"AWIA TUPARRO SIKUANI (MARIMBA)","Indigenas","No gain",149389.45897919
"AWIA TUPARRO SIKUANI (MARIMBA)","Indigenas","Gain",16.2742563838606
"NACUAÑEDORRO TUPARRO","Indigenas","No gain",96360.1334594184
"NACUAÑEDORRO TUPARRO","Indigenas","Gain",2.39610302696288
"El Medano","Indigenas","No gain",2037.55790853628
"El Medano","Indigenas","Gain",1.84401334156155
"Comunidad indigena Kanalitojo Puerto Colombia","Indigenas","No gain",1339.52376023126
"Tierra Nueva","Indigenas","No gain",328.538675267385
"Tierra Nueva","Indigenas","Gain",0.383359014314334
"MACAHUAN","Indigenas","No gain",1287.23559039001
"MACAHUAN","Indigenas","Gain",1.83748612201037
"SIKUANI DE DOMO PLANAS","Indigenas","No gain",39240.554935144
"SIKUANI DE DOMO PLANAS","Indigenas","Gain",3.53881681752646
"EL TRIUNFO","Indigenas","No gain",201.470496477587
"EL TRIUNFO","Indigenas","Gain",3.62523481410666
"SAN ANDRES - LAS VEGAS - VILLA UNION","Indigenas","No gain",1671.76680011045
"SAN ANDRES - LAS VEGAS - VILLA UNION","Indigenas","Gain",23.4399335279588
"EL DESCANSO","Indigenas","No gain",321.351840077658
"EL DESCANSO","Indigenas","Gain",2.93190154212509
"LA ESPERANZA","Indigenas","No gain",122.157129860221
"LA ESPERANZA","Indigenas","Gain",1.6912881415512
"SANTA ROSA DEL GUAMUÉZ","Indigenas","No gain",805.903116430318
"SANTA ROSA DEL GUAMUÉZ","Indigenas","Gain",19.997595941199
"BARRANCO COLORADO","Indigenas","No gain",9517.51989497841
"BARRANCO COLORADO","Indigenas","Gain",51.7498540571439
"LA PERECERA","Indigenas","No gain",6908.41166106695
"LA PERECERA","Indigenas","Gain",11.6508461492708
"SAN JUAN DE PAMPON","Indigenas","No gain",47.4567941505726
"LA BONANZA","Indigenas","No gain",177.316286280391
"LA BONANZA","Indigenas","Gain",0.0768268138129944
"VILLA MARIA DE ANAMÚ","Indigenas","No gain",1546.79755298838
"EL TABLERO","Indigenas","No gain",5579.96878395783
"EL TABLERO","Indigenas","Gain",0.537983878129371
"RAMOS-MONGON-MANCHURIA","Indigenas","No gain",4279.6281197354
"CAÑAVERAL","Indigenas","No gain",2101.37003398057
"CAÑAVERAL","Indigenas","Gain",14.986610785686
"CHIMILAS O CACAHUEROS DE SAN ANGEL","Indigenas","No gain",1177.43520121082
"CHIMILAS O CACAHUEROS DE SAN ANGEL","Indigenas","Gain",7.63782628916458
"SABANAS DE CURIPAO","Indigenas","No gain",32992.9441109381
"SABANAS DE CURIPAO","Indigenas","Gain",1.68525198382332
"MINITAS-MIRALINDO","Indigenas","No gain",35716.9538204391
"MINITAS-MIRALINDO","Indigenas","Gain",8.09602277758348
"SANTA ROSA SUCUMBIOS EL DIVISO","Indigenas","No gain",1115.9015387098
"SANTA ROSA SUCUMBIOS EL DIVISO","Indigenas","Gain",9.48817152366277
"ALMORZADERO, SAN ISIDRO Y LA NUEVA UNIÓN","Indigenas","No gain",5153.0496627349
"PANURE (VENEZUELA)","Indigenas","No gain",289.875374989576
"PANURE (VENEZUELA)","Indigenas","Gain",4.25150549984711
"NAM MISAK","Indigenas","No gain",898.250762395632
"NAM MISAK","Indigenas","Gain",0.154312104860957
"TAMIRCO","Indigenas","No gain",251.716954631176
"RINCÓN DE ANCHIQUE","Indigenas","No gain",137.380873149647
"ZENU DE EL VOLAO","Indigenas","No gain",321.436830539075
"ZENU DE EL VOLAO","Indigenas","Gain",1.59767418729481
"EL GRAN SABALO","Indigenas","No gain",43056.9752931357
"EL GRAN SABALO","Indigenas","Gain",1.23923241321593
"Choromandó Alto y Medio","Indigenas","No gain",3102.38313108818
"QUEBRADITAS","Indigenas","No gain",104.072652071083
"QUEBRADITAS","Indigenas","Gain",1.2252850869296
"CUAYQUER DEL ALTO ALBI","Indigenas","No gain",4428.54712229153
"CUAYQUER DEL ALTO ALBI","Indigenas","Gain",1.47053243369404
"TOGOROMA","Indigenas","No gain",8740.17403190268
"TOGOROMA","Indigenas","Gain",4.39534094859458
"GETUCHÁ","Indigenas","No gain",138.903281397708
"GETUCHÁ","Indigenas","Gain",1.23744571401076
"KWES KIWE NASA","Indigenas","No gain",40.7864273548065
"SAN MIGUEL DE LA CASTELLANA","Indigenas","No gain",516.421775892575
"SAN MIGUEL DE LA CASTELLANA","Indigenas","Gain",1.84546197460122
"JAI-DUKAMA","Indigenas","No gain",1316.46103549393
"PAUJIL","Indigenas","No gain",55376.1044659786
"PAUJIL","Indigenas","Gain",6.29819086069769
"ACO VIEJO PATIO BONITO","Indigenas","No gain",396.304260963035
"ACO VIEJO PATIO BONITO","Indigenas","Gain",2.99880989087279
"TAMA - PAEZ LA GABRIELA","Indigenas","No gain",583.961470011925
"TAMA - PAEZ LA GABRIELA","Indigenas","Gain",0.616155600118095
"DOMINICO, LONDOÑO Y APARTADÓ","Indigenas","No gain",6700.97157807208
"DOMINICO, LONDOÑO Y APARTADÓ","Indigenas","Gain",6.14352360496644
"LA ALBANIA","Indigenas","No gain",154.21672716287
"LA PAILA-NAYA","Indigenas","No gain",357.27058829167
"LA PAILA-NAYA","Indigenas","Gain",15.4699242237453
"ABEJERO","Indigenas","No gain",239.149716986453
"SIMORNA","Indigenas","No gain",13535.7395199906
"SIMORNA","Indigenas","Gain",25.6358703030125
"VEGAS DE SEGOVIA","Indigenas","No gain",1080.53521224028
"VEGAS DE SEGOVIA","Indigenas","Gain",0.45801563217532
"LOS PLANES","Indigenas","No gain",2138.1974705032
"LOS PLANES","Indigenas","Gain",0.15394898628434
"PATIO BONITO","Indigenas","No gain",869.011899180135
"PATIO BONITO","Indigenas","Gain",1.76909839627749
"LA FLECHA ALTOZANO","Indigenas","No gain",256.829430801778
"MAGUARE","Indigenas","No gain",50.8649597635954
"MAGUARE","Indigenas","Gain",0.153670573303914
"SAN JOAQUIN","Indigenas","No gain",148.982677612715
"ISHU AWA","Indigenas","No gain",6119.22059860588
"ISHU AWA","Indigenas","Gain",3.00003272631497
"CAIMÁN NUEVO","Indigenas","No gain",8158.28004256138
"CAIMÁN NUEVO","Indigenas","Gain",8.99992563008688
"SABALETA","Indigenas","No gain",711.593393523515
"NATACOY PIJAO","Indigenas","No gain",229.085464268347
"YABERARADÓ","Indigenas","No gain",12003.2569534758
"YABERARADÓ","Indigenas","Gain",10.1682346391274
"MATECANDELA","Indigenas","No gain",17.2424991882062
"MATECANDELA","Indigenas","Gain",0.229899989176082
"LOS IGUANITOS","Indigenas","No gain",574.051494389712
"LOS IGUANITOS","Indigenas","Gain",4.82267557628375
"CAMPO ALEGRE","Indigenas","No gain",221.220265960281
"CAÑÓN DEL RÍO SANQUININI","Indigenas","No gain",2812.40914697115
"CAÑÓN DEL RÍO SANQUININI","Indigenas","Gain",0.0770375310754416
"COROCITO, YOPALITO Y GUALABO","Indigenas","No gain",9960.75357398845
"COROCITO, YOPALITO Y GUALABO","Indigenas","Gain",3.91783648591665
"TIERRA ALTA","Indigenas","No gain",291.55749064969
"TIERRA ALTA","Indigenas","Gain",0.0778109129035735
"LA TUTIRA BONANZA","Indigenas","No gain",400.736242048383
"LA TUTIRA BONANZA","Indigenas","Gain",0.229999756293313
"EL SUSPIRO EL RINCÓN DEL SOCORRO","Indigenas","No gain",2026.55509411394
"AGUA NEGRA","Indigenas","No gain",1983.24669571642
"AGUA NEGRA","Indigenas","Gain",46.9584859942932
"JACOME","Indigenas","No gain",915.409433836635
"JACOME","Indigenas","Gain",9.15255609364473
"CHENCHE BUENAVISTA","Indigenas","No gain",199.718517763525
"CHENCHE BUENAVISTA","Indigenas","Gain",0.383778858115921
"ALTO ORITO","Indigenas","No gain",12413.4721901881
"ALTO ORITO","Indigenas","Gain",4.46960211461664
"RÍO NUQUI","Indigenas","No gain",10007.6823939864
"RÍO NUQUI","Indigenas","Gain",0.153461463112975
"TAGUAL-LA PO","Indigenas","No gain",1873.37316399791
"TAGUAL-LA PO","Indigenas","Gain",0.381853478189545
"SAN ANTONIO DE CALARMA","Indigenas","No gain",307.385394555795
"SAN ANTONIO DE CALARMA","Indigenas","Gain",0.153885053594891
"PACANDE","Indigenas","No gain",106.984645743162
"PACANDE","Indigenas","Gain",0.0767465177497578
"BOCHOROMA-BOCHOROMACITO","Indigenas","No gain",543.822872078334
"POLINDARA","Indigenas","No gain",2256.42742306318
"POLINDARA","Indigenas","Gain",7.49617987660553
"EL CEDRITO","Indigenas","No gain",132.002249720327
"EL CEDRITO","Indigenas","Gain",1.07194402325091
"IMBA","Indigenas","No gain",625.670775531591
"ALPAMANGA","Indigenas","No gain",131.753356335659
"ALPAMANGA","Indigenas","Gain",0.539972771867456
"SELVA VERDE","Indigenas","No gain",257.331524482916
"SELVA VERDE","Indigenas","Gain",8.41305823894356
"TUMBICHUCUE","Indigenas","No gain",4662.83423356311
"TUMBICHUCUE","Indigenas","Gain",1.00173263214437
"WITORA O HUITORA","Indigenas","No gain",67466.0487267492
"WITORA O HUITORA","Indigenas","Gain",18.6892953039216
"PEÑA LA ALEGRIA","Indigenas","No gain",35.2624220242115
"PEÑA LA ALEGRIA","Indigenas","Gain",0.0771606608844891
"EL SANDE","Indigenas","No gain",8855.28381934104
"EL SANDE","Indigenas","Gain",0.462763277266241
"DAMASCO VIDES","Indigenas","No gain",896.7776951443
"DAMASCO VIDES","Indigenas","Gain",9.34706702665693
"EL HACHA","Indigenas","No gain",5715.83154862335
"EL HACHA","Indigenas","Gain",106.049827431106
"MUELLAMUEZ","Indigenas","No gain",80.4195281922741
"MUELLAMUEZ","Indigenas","Gain",0.232650515503204
"CHENCHE BUENOS AIRES TRADICIONAL","Indigenas","No gain",242.42325896776
"CHENCHE BUENOS AIRES TRADICIONAL","Indigenas","Gain",0.769353408339447
"PUERTO LIBRE DEL RÍO PEPÉ","Indigenas","No gain",2162.92337317591
"PUERTO LIBRE DEL RÍO PEPÉ","Indigenas","Gain",1.30806465115583
"INFI","Indigenas","No gain",3359.22061877078
"INFI","Indigenas","Gain",0.926064173889806
"ANGOSTURAS","Indigenas","No gain",3352.12322403364
"ANGOSTURAS","Indigenas","Gain",0.0765552155670323
"TINAJAS","Indigenas","No gain",2495.46231456914
"TINAJAS","Indigenas","Gain",0.153562186675434
"UNIFICADO CHAMÍ DEL RÍO SAN JUAN","Indigenas","No gain",26421.8273746531
"UNIFICADO CHAMÍ DEL RÍO SAN JUAN","Indigenas","Gain",0.153299318408589
"UITIBOC","Indigenas","No gain",96061.537663993
"UITIBOC","Indigenas","Gain",3.23166199974185
"LA NUEVA ESPERANZA","Indigenas","No gain",76.7836204554039
"LA NUEVA ESPERANZA","Indigenas","Gain",0.153874990892593
"LA SORTIJA","Indigenas","No gain",204.091250619562
"LA SORTIJA","Indigenas","Gain",0.307829940602658
"BLASIAKU","Indigenas","No gain",70.4890191596318
"BLASIAKU","Indigenas","Gain",0.385607325818555
"PUERTO LIMON","Indigenas","No gain",264.55434017458
"JAMBALÓ","Indigenas","No gain",5886.70461684757
"JAMBALÓ","Indigenas","Gain",2.22501705947969
"ZANJA HONDA","Indigenas","No gain",255.330912124377
"SIRENA BERRECUY","Indigenas","No gain",1251.60134819609
"SIRENA BERRECUY","Indigenas","Gain",0.0767241677310174
"DOCORDO-BALSALITO","Indigenas","No gain",5024.71909165718
"DOCORDO-BALSALITO","Indigenas","Gain",0.385526347051205
"PURACÉ","Indigenas","No gain",2132.55070360787
"PURACÉ","Indigenas","Gain",0.307882870657311
"GUAMBÍA","Indigenas","No gain",18016.5575408454
"GUAMBÍA","Indigenas","Gain",1.92571822501276
"DO IMAMA TUMA Y BELLA LUZ","Indigenas","No gain",3078.12430680818
"DO IMAMA TUMA Y BELLA LUZ","Indigenas","Gain",0.230565352186576
"LA GAITANA","Indigenas","No gain",9033.54101471819
"LA GAITANA","Indigenas","Gain",2.15893912044409
"AGUA NEGRA","Indigenas","No gain",1287.16252613237
"AGUA NEGRA","Indigenas","Gain",2.3899160463646
"SANTA MARTA DIAMANTE","Indigenas","No gain",187.206087641516
"TOTORÓ","Indigenas","No gain",806.34649042824
"TOTORÓ","Indigenas","Gain",0.386736925864863
"RÍOS TORREIDO Y CHIMANI","Indigenas","No gain",6393.9919084892
"RÍOS TORREIDO Y CHIMANI","Indigenas","Gain",9.45242908516828
"GUASIMAL","Indigenas","No gain",79.5211428451936
"GUASIMAL","Indigenas","Gain",0.230718983109846
"PLAYA BENDITA","Indigenas","No gain",4408.05647934189
"PLAYA BENDITA","Indigenas","Gain",1.46224615652873
"COROPOYA","Indigenas","No gain",3959.44681833557
"COROPOYA","Indigenas","Gain",3.1527931550157
"LAS DELICIAS","Indigenas","No gain",200.182845549402
"MORRITO","Indigenas","No gain",936.449546242853
"SAN MIGUEL","Indigenas","No gain",182.436729303538
"SAN MIGUEL","Indigenas","Gain",5.00988061036331
"PIEDRA SELLADA-QUEBRADA TRONQUERIA","Indigenas","No gain",444.600528988214
"PIEDRA SELLADA-QUEBRADA TRONQUERIA","Indigenas","Gain",0.850540142412235
"LA VORAGINE-LA ILUSION","Indigenas","No gain",864.968134390949
"LA VORAGINE-LA ILUSION","Indigenas","Gain",0.536485640681964
"LA CERINDA","Indigenas","No gain",59.7576393003783
"RÍO PICHIMA","Indigenas","No gain",9310.37033197802
"RÍO PICHIMA","Indigenas","Gain",4.54134368612827
"CHALUAYACO","Indigenas","No gain",556.772689400821
"CHALUAYACO","Indigenas","Gain",0.231634734184227
"RÍO QUIPARADO","Indigenas","No gain",9774.30940840809
"RÍO QUIPARADO","Indigenas","Gain",0.536309069565252
"KWET WALA (PIEDRA GRANDE)","Indigenas","No gain",941.777180751709
"KWET WALA (PIEDRA GRANDE)","Indigenas","Gain",1.07246466003936
"GUELNAMBI-CARAÑO","Indigenas","No gain",2523.20654702029
"CHENCHE BUENOS AIRES INDEPENDIENTE","Indigenas","No gain",215.073070703234
"CHENCHE BUENOS AIRES INDEPENDIENTE","Indigenas","Gain",0.769492202873823
"EL PROGRESO","Indigenas","No gain",2167.5201065765
"EL PROGRESO","Indigenas","Gain",1.93066600151112
"AGUAS NEGRAS","Indigenas","No gain",18652.1472972195
"AGUAS NEGRAS","Indigenas","Gain",5.87793186708249
"PERANCHITO","Indigenas","No gain",1493.4301478571
"PERANCHITO","Indigenas","Gain",0.152952698469592
"BALSILLAS","Indigenas","No gain",151.318968668664
"BALSILLAS","Indigenas","Gain",0.537408818204288
"CAÑAVERALES-ANTADO","Indigenas","No gain",5071.50196008032
"CAÑAVERALES-ANTADO","Indigenas","Gain",0.0765417302073761
"K 6 y 11 CARRETERA LETICIA TARAPACA","Indigenas","No gain",27445.7452986774
"K 6 y 11 CARRETERA LETICIA TARAPACA","Indigenas","Gain",13.9967710005388
"SAN PABLO EL PARÁ","Indigenas","No gain",637.073497361396
"BANDERAS DEL RECAIBO","Indigenas","No gain",540.375304615952
"KOKONUCO","Indigenas","No gain",9272.65471666421
"KOKONUCO","Indigenas","Gain",0.538960110739162
"LA FUGA","Indigenas","No gain",8050.26630848869
"LA FUGA","Indigenas","Gain",76.1372555564151
"PAEZ DE GAITANÍA","Indigenas","No gain",4964.64262326127
"PAEZ DE GAITANÍA","Indigenas","Gain",0.922438824481462
"ALTOS DEL TIGRE","Indigenas","No gain",85.6773791720603
"LA LUCHA DE LOS PUEBLOS ZENU","Indigenas","No gain",95.1599025626494
"KEJUAMBi FELICIANA","Indigenas","No gain",1871.98954378453
"KEJUAMBi FELICIANA","Indigenas","Gain",16.9452641389317
"COMEYAFU","Indigenas","No gain",31132.4975955086
"COMEYAFU","Indigenas","Gain",4.63967038511916
"CHICUAMBE LAS BRISAS","Indigenas","No gain",484.21073941044
"CHICUAMBE LAS BRISAS","Indigenas","Gain",0.689540609919931
"PUEBLO NUEVO EL CERAL","Indigenas","No gain",48.7536657270802
"SAN JUAN","Indigenas","No gain",242.743557565234
"CAICEMAPA","Indigenas","No gain",548.551032731692
"CAICEMAPA","Indigenas","Gain",0.0758295594044363
"PAPALLAQTA","Indigenas","No gain",239.921080351534
"PAPALLAQTA","Indigenas","Gain",0.154538538068621
"LAS BRISAS","Indigenas","No gain",203.350786128395
"LAS BRISAS","Indigenas","Gain",3.99933467423471
"LAS MERCEDES","Indigenas","No gain",167.673624052327
"Camaritagua","Indigenas","No gain",31013.6572494063
"Camaritagua","Indigenas","Gain",2.55186428272679
"El Medano","Indigenas","No gain",2037.55790853628
"El Medano","Indigenas","Gain",1.84401334156155
"Inkal Watzal Awa","Indigenas","No gain",372.948007982833
"Inkal Watzal Awa","Indigenas","Gain",13.4353940764002
"Nuevo Horizonte (de Morales)","Indigenas","No gain",72.7403457677027
"San Antonio 2","Indigenas","No gain",69.3831757253274
"Ittitake Etteennaka, Chimila","Indigenas","No gain",184.15591496433
"RÍO MURINDÓ","Indigenas","No gain",18606.1402115308
"RÍO MURINDÓ","Indigenas","Gain",7.11919854055783
"RÍO NEGUA","Indigenas","No gain",4728.42018251535
"RÍO NEGUA","Indigenas","Gain",0.996974542180803
"RÍO CHAJERADÓ","Indigenas","No gain",42064.4900352931
"RÍO CHAJERADÓ","Indigenas","Gain",2.29715407758447
